أحمد,name,male
أيمن,name,male
أمين,name,male
أمير,name,male
أسامة,name,male
أنس,name,male
إبراهيم,name,male
إدريس,name,male
إسماعيل,name,male
إياد,name,male
أكرم,name,male
أدهم,name,male
أشرف,name,male
أمجد,name,male
أيوب,name,male
آسر,name,male
أوس,name,male
أبان,name,male
أثيل,name,male
أحنف,name,male
أرقم,name,male
أزهر,name,male
أسعد,name,male
أسلم,name,male
أسيد,name,male
إسلام,name,male
إحسان,name,male
إيهاب,name,male
أنور,name,male
أثير,name,male
أديب,name,male
أرشد,name,male
أركان,name,male
أصيل,name,male
أواب,name,male
أمل,name,female
أميرة,name,female
أمينة,name,female
أماني,name,female
أسماء,name,female
أروى,name,female
آية,name,female
آيات,name,female
آلاء,name,female
إيمان,name,female
إلهام,name,female
إبتسام,name,female
إبتهال,name,female
إسراء,name,female
إخلاص,name,female
أريج,name,female
أرجوان,name,female
أصالة,name,female
أفنان,name,female
أفكار,name,female
أحلام,name,female
أسرار,name,female
أطياف,name,female
ألطاف,name,female
ألما,name,female
أميمة,name,female
أنغام,name,female
أنيسة,name,female
أنفال,name,female
آمنة,name,female
آمال,name,female
أسد,animal,
أرنب,animal,
أفعى,animal,
إبل,animal,
أوزة,animal,
أيل,animal,
ألبكة,animal,
إغوانة,animal,
أخطبوط,animal,
أرماديلو,animal,
أنكوندا,animal,
أصلة,animal,
أنكليس,animal,
أوركا,animal,
أكسولوتل,animal,
أبومقص,animal,
أبوقردان,animal,
أبومركوب,animal,
أرز,plant,
أناناس,plant,
أفوكادو,plant,
أراك,plant,
أقحوان,plant,
أوركيد,plant,
ألوفيرا,plant,
أثل,plant,
أدونيس,plant,
أسترا,plant,
أذريون,plant,
أرطى,plant,
أساي,plant,
أزالية,plant,
أريكة,object,
إبرة,object,
إبريق,object,
أثاث,object,
أنبوب,object,
أرجوحة,object,
إطار,object,
إناء,object,
إسفنج,object,
ألبوم,object,
أبجورة,object,
أكرة,object,
إزميل,object,
أساور,object,
أختام,object,
ألمانيا,country,
أمريكا,country,
أستراليا,country,
إسبانيا,country,
إيطاليا,country,
إيران,country,
إيرلندا,country,
إندونيسيا,country,
أوزبكستان,country,
أذربيجان,country,
أفغانستان,country,
ألبانيا,country,
أنغولا,country,
أوروغواي,country,
إثيوبيا,country,
إريتريا,country,
أوكرانيا,country,
أرمينيا,country,
أندورا,country,
أيسلندا,country,
