باسم,name
بسام,name
بلال,name
بشير,name
بشرى,name
بديع,name
بكر,name
بهاء,name
بهجة,name
بندر,name
بيرم,name
باسل,name
بطرس,name
بهيج,name
بشران,name
بقرة,animal
بطة,animal
ببغاء,animal
بغل,animal
بلبل,animal
بحيرةسمك,animal
بز,animal
بقر,animal
بريعصي,animal
برتقال,plant
بطيخ,plant
بصل,plant
بطاطا,plant
بقدونس,plant
بندق,plant
بنجر,plant
بلوط,plant
بنفسج,plant
باذنجان,plant
برباريس,plant
بصيلات,plant
بامية,plant
بقل,plant
بشملة,plant
باب,object
براد,object
باص,object
بنك,object
برج,object
بساط,object
برميل,object
بندقية,object
بطاقه,object
بطاريه,object
بوصله,object
بوابه,object
بورج,object
بخاخ,object
بلاط,object
بحرين,country
بلجيكا,country
بنغلادش,country
بلغاريا,country
بوتسوانا,country
بوركينافاسو,country
بوروندي,country
بوليفيا,country
بروناي,country
باكستان,country
بيرو,country
بليز,country
بنين,country
برمودا,country
بيلاروس,country
