تائب,name,male
تائر,name,male
تائل,name,male
تائهه,name,female
تائيد,name,male
تابان,name,male
تاباني,name,male
تابت,name,male
تابتي,name,male
تابث,name,male
تابعه,name,female
تابعي,name,male
تابلو,name,male
تابلوه,name,male
تابه,name,female
تابو,name,male
تابوت,name,male
تابوس,name,male
تاته,name,male
تاتو,name,male
تاتي,name,male
تاج,name,male
تاجدار,name,male
تاجنابي,name,male
تاجوري,name,male
تاجي,name,male
تاجيه,name,female
تاحني,name,male
تاداني,name,male
تادروس,name,male
تادلاوي,name,male
تادلي,name,male
تادو,name,male
تادوس,name,male
تاديه,name,male
تار,name,male
تارجي,name,male
تارزي,name,male
تاره,name,male
تازا,name,male
تازه,name,male
تاسك,name,male
تاسكين,name,male
تاش,name,male
تاشر,name,male
تاضرس,name,male
تاغوتي,name,male
تاغي,name,male
تاف,name,male
تافراوتي,name,male
تافز,name,male
تاقي,name,male
تاكس,name,male
تاكفور,name,male
تالموني,name,male
تالو,name,male
تالوج,name,male
تاليا,name,male
تالين,name,female
تامر,name,male
تامرت,name,male
تامره,name,female
تامم,name,male
تامنه,name,female
تاموخ,name,male
تامور,name,male
تاموري,name,male
تامي,name,male
تاني,name,male
تاهري,name,male
تاهو,name,male
تاهير,name,male
تاودي,name,male
تاوري,name,male
تاوضروس,name,male
تاي,name,male
تايب,name,male
تايبه,name,female
تايلندي,name,male
تايه,name,male
تاييد,name,male
تبات,name,male
تبارك,name,male
تباره,name,male
تباسل,name,male
تباسيم,name,male
تباع,name,male
تبان,name,male
تباني,name,male
تباوب,name,male
تباوي,name,male
تببيت,name,male
تبداري,name,male
تبر,name,male
تبرا,name,male
تبراوات,name,male
تبرجي,name,male
تبرقي,name,male
تبرك,name,male
تبره,name,female
تبصير,name,male
تبعانيه,name,female
تبك,name,male
تبكي,name,male
تبلغ,name,male
تبله,name,female
تبلي,name,male
تبليعن,name,male
تبنون,name,male
تبهاج,name,male
تبهجي,name,male
تبوت,name,male
تبور,name,male
تبوره,name,female
تبول,name,male
تبون,name,male
تبوني,name,male
تبوي,name,male
تبيب,name,male
تبيتي,name,male
تبيل,name,male
تتاوي,name,male
تتاي,name,male
تتونجي,name,male
تتيانا,name,male
تثيري,name,male
تجانيه,name,female
تجاه,name,male
تجوري,name,male
تجيه,name,female
تحاي,name,male
تحايم,name,male
تحتوح,name,male
تحرير,name,male
تحريري,name,male
تحسين,name,male
تحف,name,male
تحمبل,name,male
تحمش,name,male
تحميد,name,male
تحول,name,male
تحيا,name,male
تحيات,name,male
تحيه,name,female
تختخ,name,male
تخديم,name,male
تخلي,name,male
تخمه,name,female
تخياط,name,male
تدار,name,male
تدبير,name,male
تدريس,name,male
تدوم,name,male
تدون,name,male
تدوي,name,male
تديل,name,male
تراب,name,male
ترابت,name,male
ترابلسي,name,male
ترابين,name,male
ترات,name,male
تراث,name,male
تراجي,name,male
تراجيب,name,male
تراده,name,female
تراشد,name,male
تراشلي,name,male
تراشي,name,male
ترافه,name,female
ترافي,name,male
تراقي,name,male
تراكمه,name,female
تراكه,name,male
تراوي,name,male
ترباق,name,male
ترباقي,name,male
تربانه,name,female
تربوش,name,male
تربوشي,name,male
تربوي,name,male
تربي,name,male
ترتح,name,male
ترتره,name,female
ترجمان,name,male
ترجن,name,male
ترجوك,name,male
ترحاب,name,male
ترحال,name,male
ترحب,name,male
ترحلي,name,male
ترحيب,name,male
ترحيل,name,male
ترخيم,name,male
ترده,name,male
ترزا,name,male
ترزي,name,male
ترس,name,male
ترساني,name,male
ترشيشي,name,male
ترضي,name,female
ترعه,name,female
ترف,name,male
ترفد,name,male
ترفسي,name,male
ترفه,name,female
ترفين,name,male
ترقان,name,male
ترقاني,name,male
ترقيه,name,female
ترك,name,male
تركات,name,male
تركتي,name,male
تركستاني,name,male
تركمان,name,male
تركه,name,female
تركي,name,male
تركيا,name,male
تركيه,name,female
ترمذي,name,male
ترمزه,name,female
ترمساني,name,male
ترمسني,name,male
ترمعي,name,male
ترميدي,name,male
ترميذي,name,male
ترني,name,male
ترهونه,name,female
ترواني,name,male
تروبي,name,male
تروث,name,male
تروجت,name,male
تروس,name,male
تروسي,name,male
ترومان,name,male
ترويزي,name,male
تري,name,female
ترياك,name,male
تريال,name,male
ترياني,name,male
تريبس,name,male
تريحي,name,male
تريز,name,male
تريزا,name,male
تريزي,name,male
تريسا,name,male
تريش,name,male
تريشي,name,male
تريشيلي,name,male
تريشيي,name,male
تريفه,name,female
تريكه,name,female
تريكي,name,male
تريم,name,male
تريمسي,name,male
تريني,name,male
ترييز,name,male
تزال,name,male
تزاوي,name,male
تزفيق,name,male
تزكيا,name,male
تزكيه,name,female
تزم,name,male
تزين,name,male
تسابيح,name,male
تسامح,name,male
تساهير,name,male
تساي,name,male
تسرين,name,male
تسطير,name,male
تسعد,name,male
تسفيه,name,male
تسكين,name,male
تسلبي,name,male
تسلمي,name,male
تسنيم,name,female
تسهيل,name,male
تسود,name,male
تسولي,name,male
تشاد,name,male
تشار,name,male
تشارلي,name,male
تشبيب,name,male
تشرشل,name,male
تشريفي,name,male
تشكيل,name,male
تشوي,name,male
تشيا,name,male
تشيشي,name,male
تشين,name,male
تشيني,name,male
تصافي,name,male
تصفا,name,male
تصوير,name,male
تصييف,name,male
تضامن,name,male
تضحيه,name,female
تضربعون,name,male
تضير,name,male
تضييق,name,male
تطري,name,male
تطيل,name,male
تظمي,name,female
تظهير,name,male
تعابه,name,female
تعاذي,name,male
تعال,name,male
تعب,name,male
تعبان,name,male
تعبوه,name,female
تعتع,name,male
تعده,name,male
تعرفه,name,male
تعريت,name,male
تعز,name,male
تعزاز,name,male
تعزم,name,male
تعزه,name,male
تعكل,name,male
تعلب,name,male
تعلبين,name,male
تعلن,name,male
تعله,name,female
تعليق,name,male
تعمران,name,male
تعميرات,name,male
تعميم,name,male
تعوبه,name,female
تعويضه,name,female
تعيان,name,male
تعيب,name,male
تعيبل,name,male
تعيبه,name,female
تعيره,name,female
تعيسه,name,female
تعيطي,name,male
تعيم,name,male
تغاريد,name,male
تغاليب,name,male
تغر,name,male
تغريبه,name,female
تغريد,name,female
تغلب,name,male
تغوي,name,male
تغيب,name,male
تغيد,name,male
تغير,name,male
تغيلت,name,male
تغيمش,name,male
تفاحه,name,female
تفاحي,name,male
تفاوي,name,male
تفجان,name,male
تفرح,name,male
تفريد,name,male
تفز,name,male
تفلا,name,male
تفلجي,name,male
تفنيه,name,female
تفوري,name,male
تفيده,name,female
تفيهي,name,male
تقا,name,male
تقار,name,male
تقاميز,name,male
تقاوه,name,female
تقاوي,name,male
تقتق,name,male
تقدم,name,male
تقر,name,male
تقرفي,name,male
تقطر,name,male
تقلس,name,male
تقوف,name,male
تقوي,name,female
تقي,name,male
تقيات,name,male
تقيني,name,male
تقيه,name,female
تكتوك,name,male
تكروني,name,male
تكروي,name,male
تكري,name,male
تكس,name,male
تكفي,name,male
تكلا,name,male
تكلانت,name,male
تكليف,name,male
تكمل,name,male
تكندالي,name,male
تكوك,name,male
تكيكي,name,male
تلا,name,male
تلاد,name,male
تلاده,name,female
تلاغي,name,male
تلاقا,name,male
تلالوه,name,male
تلاوي,name,male
تلبيس,name,male
تلبين,name,male
تلست,name,male
تلفان,name,male
تلفوي,name,male
تلفيت,name,male
تلفين,name,male
تلق,name,male
تلكس,name,male
تلكي,name,male
تلمودي,name,male
تله,name,female
تلها,name,male
تلهوان,name,male
تلوت,name,male
تلودي,name,male
تلوك,name,male
تليار,name,male
تليب,name,male
تليتي,name,male
تليجه,name,female
تليح,name,male
تليحه,name,female
تليدي,name,male
تليس,name,male
تليعان,name,male
تليفان,name,male
تليكان,name,male
تليلي,name,male
تلين,name,male
تليني,name,male
تليوي,name,male
تماثل,name,male
تمار,name,male
تمارا,name,female
تماره,name,male
تماس,name,male
تماضر,name,male
تمام,name,male
تمامه,name,female
تمامين,name,male
تمانه,name,male
تماني,name,male
تمبان,name,male
تمبلي,name,male
تمتري,name,male
تمثيل,name,male
تمر,name,male
تمرا,name,male
تمرار,name,male
تمراز,name,male
تمراوات,name,male
تمراوي,name,male
تمرس,name,male
تمرضه,name,female
تمره,name,female
تمري,name,male
تمرين,name,male
تمس,name,male
تمساح,name,male
تمسك,name,male
تمش,name,male
تمشان,name,male
تمشي,name,male
تمشير,name,male
تملس,name,male
تمليدي,name,male
تمناء,name,female
تمهيد,name,male
تمور,name,male
تموسي,name,male
تموينات,name,male
تميث,name,male
تميري,name,male
تميم,name,male
تميمه,name,female
تميمي,name,male
تميميه,name,female
تمين,name,male
تميني,name,male
تناجر,name,male
تناجوي,name,male
تناجي,name,male
تناظر,name,male
تناعف,name,male
تناعي,name,male
تناغر,name,male
تناغو,name,male
تناغي,name,male
تنافر,name,male
تنال,name,male
تناهي,name,male
تنبات,name,male
تنباك,name,male
تنبال,name,male
تنبكجي,name,male
تنبل,name,male
تنبيك,name,male
تنبيل,name,male
تنج,name,male
تنجاري,name,male
تنجال,name,male
تنجمه,name,female
تنجيب,name,male
تنزلي,name,male
تنسا,name,male
تنسي,name,male
تنصره,name,male
تنظيم,name,male
تنعم,name,male
تنكي,name,male
تنني,name,male
تنها,name,male
تنوح,name,male
تنور,name,male
تنوري,name,male
تنوس,name,male
تنوف,name,male
تنولي,name,male
تنيات,name,male
تنيان,name,male
تنيبر,name,male
تنيبه,name,female
تنيسي,name,male
تهاما,name,male
تهامي,name,male
تهاني,name,male
تهاوي,name,male
تهايه,name,male
تهته,name,male
تهج,name,male
تهذيب,name,male
تهر,name,male
تهلا,name,male
تهله,name,male
تهمات,name,male
تهمان,name,male
تهنان,name,male
تهند,name,male
تهور,name,male
تهير,name,male
تهيل,name,male
تهيمه,name,female
تواب,name,male
توابه,name,female
تواتي,name,male
تواجر,name,male
تواد,name,male
توار,name,male
توارسي,name,male
تواضع,name,male
توافيق,name,male
تواكل,name,male
تواكي,name,male
توام,name,male
تواولا,name,male
توب,name,male
توبات,name,male
توبار,name,male
توباي,name,male
توبر,name,male
توبقال,name,male
توبل,name,male
توبه,name,female
توبيش,name,male
توبيل,name,male
توته,name,female
توتو,name,male
توتيلي,name,male
توثين,name,male
توجاس,name,male
توجده,name,female
توجله,name,male
توجمي,name,male
توجيبي,name,male
توح,name,male
توحان,name,male
توحه,name,female
توحيد,name,male
توحيده,name,female
توخته,name,male
توخي,name,male
تود,name,male
تودار,name,male
تودد,name,male
تودر,name,male
تودعي,name,male
تودوره,name,male
تور,name,male
تورات,name,male
تورز,name,male
تورزي,name,male
تورك,name,male
تورم,name,male
تورني,name,male
توره,name,female
تورو,name,male
توريا,name,male
توريان,name,male
تورينه,name,male
توريه,name,female
توزه,name,female
توزي,name,male
توزين,name,male
توس,name,male
توسن,name,male
توسنا,name,male
توسه,name,male
توش,name,male
توشتي,name,male
توشيو,name,male
توصيف,name,male
توغاني,name,male
توفي,name,male
توفيت,name,male
توفير,name,male
توفيق,name,male
توفيقه,name,female
توفيل,name,male
توقا,name,male
توقان,name,male
توقر,name,male
توقيش,name,male
توك,name,male
توكا,name,male
توكالي,name,male
توكل,name,male
توكه,name,male
تولدي,name,male
توليق,name,male
توم,name,male
توما,name,male
توماس,name,male
تومان,name,male
تومس,name,male
تومسيان,name,male
توملين,name,male
تومي,name,male
توميات,name,male
تونا,name,male
تونجر,name,male
توند,name,male
تونس,name,male
تونسي,name,male
تونلي,name,male
تونني,name,male
توني,name,male
تونيا,name,male
تونيه,name,male
توهامي,name,male
توهه,name,female
تويال,name,male
تويبه,name,female
تويتات,name,male
تويته,name,female
تويتو,name,male
تويج,name,male
تويجر,name,male
تويجري,name,male
تويحق,name,male
تويري,name,male
تويفع,name,male
تويفق,name,male
تويقع,name,male
تويل,name,male
تويلف,name,male
تويليه,name,female
توينه,name,female
تويني,name,male
تياسي,name,male
تيان,name,male
تيبل,name,male
تيت,name,male
تيتا,name,male
تيتو,name,male
تيجاني,name,male
تيجاوي,name,male
تيداوي,name,male
تيده,name,male
تير,name,male
تيراز,name,male
تيرش,name,male
تيره,name,male
تيروز,name,male
تيري,name,male
تيريز,name,male
تيزتي,name,male
تيزي,name,male
تيسير,name,male
تيسيره,name,female
تيشه,name,male
تيشير,name,male
تيفا,name,male
تيك,name,male
تيكي,name,male
تيلب,name,male
تيلد,name,male
تيلكي,name,male
تيله,name,female
تيلو,name,male
تيلوين,name,male
تيم,name,male
تيماء,name,female
تيماوي,name,male
تيماي,name,male
تيملي,name,male
تيمن,name,male
تيمو,name,male
تيموات,name,male
تيموثاوس,name,male
تيمود,name,male
تيمور,name,male
تيموره,name,female
تيمون,name,male
تيموني,name,male
تين,name,male
تينات,name,male
تينت,name,male
تيها,name,male
تيهان,name,male
تيهاني,name,male
تيهو,name,male
تيو,name,male
تيوب,name,male
تيودورا,name,male
تيوك,name,male
تيوم,name,male
تالة,name,female
تالدة,name,female
تجريد,name,female
تجيب,name,female
تحفة,name,female
تدمر,name,female
تذكار,name,female
تلال,name,female
تليدة,name,female
تماضير,name,female
تهليل,name,female
