ثائر,name,male
ثائره,name,female
ثائري,name,male
ثابت,name,male
ثابته,name,female
ثابتي,name,male
ثابر,name,male
ثابري,name,male
ثابه,name,female
ثابيا,name,male
ثاجب,name,male
ثاجي,name,male
ثاربي,name,male
ثارو,name,male
ثاري,name,male
ثاقب,name,male
ثاقبه,name,female
ثالثه,name,female
ثالي,name,male
ثامر,name,male
ثامره,name,female
ثامري,name,male
ثامل,name,male
ثانت,name,male
ثانوس,name,male
ثانوي,name,male
ثانويه,name,female
ثاني,name,male
ثانيات,name,male
ثانيه,name,female
ثايب,name,male
ثايبه,name,female
ثباب,name,male
ثبات,name,male
ثبان,name,male
ثبيتي,name,male
ثبين,name,male
ثتاء,name,female
ثجيل,name,male
ثجيله,name,female
ثديا,name,male
ثراء,name,female
ثرائي,name,male
ثردي,name,male
ثرمه,name,female
ثروان,name,male
ثروت,name,male
ثروه,name,female
ثريا,name,male
ثريات,name,male
ثرينه,name,female
ثعبان,name,male
ثعباني,name,male
ثعرور,name,male
ثعلب,name,male
ثعله,name,female
ثعلوق,name,male
ثعما,name,male
ثعوب,name,male
ثعيان,name,male
ثعيلب,name,male
ثفيل,name,male
ثقال,name,male
ثقبه,name,female
ثقل,name,male
ثقيب,name,male
ثقيل,name,male
ثلاب,name,male
ثلجان,name,male
ثلجي,name,male
ثليب,name,male
ثليجاني,name,male
ثليله,name,female
ثليمه,name,female
ثماء,name,female
ثماري,name,male
ثمال,name,male
ثمالي,name,male
ثمامنه,name,female
ثمامه,name,female
ثمراء,name,female
ثمره,name,female
ثمري,name,male
ثمنه,name,female
ثمون,name,male
ثمين,name,male
ثمينه,name,female
ثنا,name,male
ثناء,name,female
ثناي,name,male
ثنايي,name,male
ثنيا,name,male
ثنيار,name,male
ثنياني,name,male
ثنينه,name,female
ثنيني,name,male
ثنيه,name,female
ثهاء,name,female
ثهيه,name,female
ثواب,name,male
ثوابته,name,female
ثوابه,name,female
ثوان,name,male
ثوايه,name,female
ثوبت,name,male
ثوبلي,name,male
ثودور,name,male
ثورت,name,male
ثوره,name,female
ثوليني,name,male
ثومه,name,female
ثونا,name,male
ثويب,name,male
ثويبه,name,female
ثويبي,name,male
ثويليه,name,female
ثويني,name,male
ثويهي,name,male
ثيات,name,male
ثيباني,name,male
ثيلاء,name,female
ثيلوس,name,male
ثيوب,name,male
ثيودوسي,name,male
ثمار,name,female
ثمر,name,female
ثنايا,name,female
ثنيان,name,male
ثبات,name,female
ثناء,name,male
ثورة,name,male
ثومة,name,male
