جمال,name
جميل,name
جاسم,name
جاد,name
جلال,name
جيهان,name
جميله,name
جمانه,name
جهاد,name
جود,name
جواد,name
جبريل,name
جوان,name
جليله,name
جبار,name
جمل,animal
جراده,animal
جرذ,animal
جندب,animal
جراد,animal
جمبري,animal
جربوع,animal
جرفل,animal
جزر,plant
جرجير,plant
جوز,plant
جوافه,plant
جميز,plant
جلنار,plant
جلجلان,plant
جلبان,plant
جهاز,object
جريده,object
جسر,object
جيتار,object
جرس,object
جردل,object
جرار,object
جاك,object
جرافه,object
جيب,object
جزمه,object
جواز,object
جسم,object
جيبوتي,country
جورجيا,country
جامايكا,country
جزرالقمر,country
جزرالسيشل,country
