حائز,name,male
حائك,name,male
حائلي,name,male
حاب,name,male
حابس,name,male
حابش,name,male
حابشي,name,male
حابم,name,male
حابه,name,female
حابوه,name,female
حاتري,name,male
حاتم,name,male
حاتمي,name,male
حاتين,name,male
حاج,name,male
حاجا,name,male
حاجان,name,male
حاجج,name,male
حاجز,name,male
حاجعلي,name,male
حاجم,name,male
حاجون,name,male
حاجي,name,male
حاجيان,name,male
حاجيم,name,male
حاجيه,name,female
حاد,name,male
حادبان,name,male
حادجي,name,male
حادر,name,male
حادفي,name,male
حاده,name,female
حادير,name,male
حاديه,name,female
حاذر,name,male
حاذق,name,male
حاذمه,name,female
حاذه,name,female
حاذيه,name,female
حاراوي,name,male
حارب,name,male
حارث,name,male
حارثي,name,male
حارثيه,name,female
حارجي,name,male
حارده,name,female
حارزي,name,male
حارس,name,male
حارصي,name,male
حارن,name,male
حاره,name,female
حاري,name,male
حاريث,name,male
حاريش,name,male
حاريص,name,male
حاريه,name,female
حازان,name,male
حازر,name,male
حازم,name,male
حازمه,name,female
حازمي,name,male
حازن,name,male
حازو,name,male
حازونه,name,female
حازيه,name,female
حاسم,name,male
حاسمي,name,male
حاسن,name,male
حاسنه,name,female
حاسوم,name,male
حاسي,name,male
حاسيسي,name,male
حاش,name,male
حاشد,name,male
حاشف,name,male
حاشمي,name,male
حاشود,name,male
حاشوش,name,male
حاشوم,name,male
حاشي,name,male
حاشيش,name,male
حاصباني,name,male
حاصده,name,female
حاصر,name,male
حاصل,name,male
حاصون,name,male
حاصي,name,male
حاضر,name,male
حاف,name,male
حافت,name,male
حافز,name,male
حافظ,name,male
حافظه,name,female
حافظي,name,male
حافل,name,male
حافيد,name,male
حاقلي,name,male
حاكم,name,male
حاكمه,name,female
حالف,name,male
حالفي,name,male
حالمي,name,male
حالوب,name,male
حالوك,name,male
حاليه,name,female
حام,name,male
حامد,name,male
حامده,name,female
حامدي,name,male
حامديه,name,female
حامس,name,male
حامض,name,male
حامود,name,male
حاموشي,name,male
حامون,name,male
حامي,name,male
حاميد,name,male
حاميم,name,male
حاميه,name,female
حانا,name,male
حانانيا,name,male
حانبه,name,female
حانت,name,male
حانتي,name,male
حانكان,name,male
حانن,name,male
حانور,name,male
حانوري,name,male
حاني,name,male
حانيت,name,male
حاوب,name,male
حاور,name,male
حاوزيه,name,female
حاوي,name,male
حاويس,name,male
حاويش,name,male
حاياني,name,male
حاير,name,male
حايش,name,male
حايق,name,male
حايك,name,male
حايكه,name,female
حايله,name,female
حايم,name,male
حايمه,name,female
حايي,name,male
حباب,name,male
حبابا,name,male
حبابسه,name,female
حبابليه,name,female
حبابه,name,female
حبابوي,name,male
حبابي,name,male
حبات,name,male
حباتر,name,male
حباتي,name,male
حباجر,name,male
حبارا,name,male
حبارات,name,male
حبارك,name,male
حبارير,name,male
حباريه,name,female
حباشه,name,female
حباص,name,male
حباط,name,male
حباطه,name,female
حباظي,name,male
حباقه,name,female
حباقي,name,male
حباكي,name,male
حبال,name,male
حبالتي,name,male
حبالي,name,male
حبان,name,male
حباه,name,female
حبب,name,male
حبتر,name,male
حبتور,name,male
حبتول,name,male
حبحاب,name,male
حبحوبه,name,female
حبر,name,male
حبراني,name,male
حبرم,name,male
حبرور,name,male
حبريه,name,female
حبس,name,male
حبساء,name,female
حبسه,name,female
حبسون,name,male
حبسي,name,male
حبش,name,male
حبشان,name,male
حبشتي,name,male
حبشي,name,male
حبشيان,name,male
حبشيه,name,female
حبطان,name,male
حبق,name,male
حبقاري,name,male
حبقجي,name,male
حبقر,name,male
حبقه,name,female
حبكري,name,male
حبل,name,male
حبلتي,name,male
حبلص,name,male
حبلول,name,male
حبليني,name,male
حبنان,name,male
حبه,name,female
حبو,name,male
حبوان,name,male
حبوره,name,female
حبوري,name,male
حبوريه,name,female
حبوسي,name,male
حبوش,name,male
حبوط,name,male
حبوك,name,male
حبول,name,male
حبوله,name,female
حبولي,name,male
حبون,name,male
حبوني,name,male
حبوي,name,male
حبي,name,male
حبيب,name,male
حبيباش,name,male
حبيبه,name,female
حبيبي,name,male
حبيبيه,name,female
حبيت,name,male
حبيتر,name,male
حبيته,name,male
حبيجان,name,male
حبير,name,male
حبيري,name,male
حبيش,name,male
حبيشه,name,female
حبيشي,name,male
حبيص,name,male
حبيطان,name,male
حبيطي,name,male
حبيقه,name,female
حبيقي,name,male
حبيل,name,male
حبيلان,name,male
حبيلو,name,male
حبين,name,male
حبينان,name,male
حبيني,name,male
حتات,name,male
حتاته,name,female
حتاحت,name,male
حتار,name,male
حتاك,name,male
حتامله,name,female
حتانه,name,male
حتاوه,name,female
حتاوي,name,male
حتحوت,name,male
حتر,name,male
حترشي,name,male
حتروش,name,male
حترين,name,male
حتلا,name,male
حتم,name,male
حتمان,name,male
حتماني,name,male
حتمه,name,female
حتمون,name,male
حتميه,name,female
حتن,name,male
حتني,name,male
حته,name,female
حتوره,name,female
حتوكه,name,female
حتوي,name,male
حتيب,name,male
حتيت,name,male
حتيتان,name,male
حتيتي,name,male
حتيرشي,name,male
حتيره,name,female
حتيري,name,male
حتيفه,name,female
حتيم,name,male
حتيمي,name,male
حتين,name,male
حتيني,name,male
حتيه,name,female
حثاحث,name,male
حثيثه,name,female
حثيم,name,male
حثيني,name,male
حجا,name,male
حجاب,name,male
حجات,name,male
حجاج,name,male
حجاجره,name,female
حجاجه,name,female
حجاجي,name,male
حجاد,name,male
حجار,name,male
حجاز,name,male
حجازي,name,male
حجازين,name,male
حجازيه,name,female
حجام,name,male
حجامي,name,male
حجان,name,male
حجاوي,name,male
حجبان,name,male
حجبي,name,male
حجج,name,male
حجحوج,name,male
حجر,name,male
حجراوي,name,male
حجري,name,male
حجزه,name,female
حجزو,name,male
حجزيان,name,male
حجزين,name,male
حجل,name,male
حجلان,name,male
حجله,name,female
حجم,name,male
حجمات,name,male
حجمان,name,male
حجماني,name,male
حجه,name,female
حجو,name,male
حجوان,name,male
حجوب,name,male
حجوبي,name,male
حجوج,name,male
حجوجي,name,male
حجوره,name,female
حجوز,name,male
حجوش,name,male
حجوك,name,male
حجون,name,male
حجوني,name,male
حجوه,name,female
حجي,name,male
حجيب,name,male
حجيبه,name,female
حجيج,name,male
حجيجه,name,female
حجيد,name,male
حجيده,name,female
حجير,name,male
حجيره,name,female
حجيلا,name,male
حجيله,name,female
حجيه,name,female
حجيوي,name,male
حداب,name,male
حدات,name,male
حداج,name,male
حداد,name,male
حداده,name,female
حدادي,name,male
حدادين,name,male
حداديه,name,female
حداف,name,male
حدان,name,male
حدانه,name,female
حداني,name,male
حداوي,name,male
حداي,name,male
حدباء,name,female
حدبي,name,male
حدتي,name,male
حدجه,name,female
حدر,name,male
حدروق,name,male
حدريه,name,female
حدقي,name,male
حدكي,name,male
حدمان,name,male
حدمي,name,male
حدنان,name,male
حده,name,female
حدهن,name,male
حدو,name,male
حدوا,name,male
حدوان,name,male
حدوتي,name,male
حدوده,name,female
حدور,name,male
حدوري,name,male
حدوق,name,male
حدوقه,name,female
حدومي,name,male
حدون,name,male
حدوني,name,male
حدي,name,male
حديانه,name,female
حديبه,name,female
حديت,name,male
حديد,name,male
حديدا,name,male
حديدان,name,male
حديده,name,female
حديدو,name,male
حديدي,name,male
حديديه,name,female
حديرا,name,male
حديس,name,male
حديف,name,male
حديفان,name,male
حديفي,name,male
حديقه,name,female
حديم,name,male
حديمان,name,male
حذار,name,male
حذافه,name,female
حذام,name,male
حذامه,name,female
حذر,name,male
حذفي,name,male
حذوم,name,male
حذيفه,name,male
حذيم,name,male
حذين,name,male
حراب,name,male
حرابش,name,male
حرابه,name,female
حراثان,name,male
حراجي,name,male
حراحشه,name,female
حراده,name,female
حرادي,name,male
حرارجي,name,male
حراري,name,male
حراز,name,male
حرازي,name,male
حراسه,name,female
حراشه,name,female
حراشي,name,male
حراق,name,male
حراكه,name,female
حراكي,name,male
حرامي,name,male
حراميه,name,female
حران,name,male
حراي,name,male
حراير,name,male
حرايف,name,male
حرب,name,male
حرباني,name,male
حربجه,name,female
حربش,name,male
حربق,name,male
حربه,name,female
حربي,name,male
حربيه,name,female
حرج,name,male
حرجه,name,female
حرحش,name,male
حردات,name,male
حردان,name,male
حردوم,name,male
حردون,name,male
حردي,name,male
حرز,name,male
حرزان,name,male
حرزانه,name,female
حرشا,name,male
حرشافي,name,male
حرشاني,name,male
حرشاوي,name,male
حرشي,name,male
حرص,name,male
حرصي,name,male
حرفه,name,female
حرقه,name,female
حرقوس,name,male
حرقي,name,male
حركات,name,male
حرم,name,male
حرماني,name,male
حرمل,name,male
حرمله,name,female
حرملي,name,male
حرمه,name,female
حرموزي,name,male
حرموس,name,male
حرمول,name,male
حرموني,name,male
حرميد,name,male
حرنده,name,female
حرني,name,male
حره,name,female
حرواني,name,male
حروبان,name,male
حروج,name,male
حروسي,name,male
حروش,name,male
حروشي,name,male
حروف,name,male
حري,name,male
حرياني,name,male
حريب,name,male
حريبش,name,male
حريت,name,male
حريته,name,female
حريتي,name,male
حريث,name,male
حريجه,name,female
حريده,name,female
حريدين,name,male
حريري,name,male
حريز,name,male
حريزه,name,female
حريزي,name,male
حريسات,name,male
حريسان,name,male
حريسن,name,male
حريش,name,male
حريشن,name,male
حريشه,name,female
حريشي,name,male
حريص,name,male
حريض,name,male
حريضي,name,male
حريط,name,male
حريقاني,name,male
حريكون,name,male
حريم,name,male
حريه,name,female
حريون,name,male
حزاء,name,female
حزابي,name,male
حزاد,name,male
حزاره,name,female
حزاروي,name,male
حزاري,name,male
حزارين,name,male
حزاق,name,male
حزام,name,male
حزامك,name,male
حزامه,name,female
حزامي,name,male
حزان,name,male
حزاه,name,male
حزب,name,male
حزبه,name,female
حزر,name,male
حزراوي,name,male
حزري,name,male
حزميه,name,female
حزنان,name,male
حزنه,name,female
حزني,name,male
حزواني,name,male
حزوبه,name,female
حزوره,name,female
حزوقه,name,female
حزول,name,male
حزولي,name,male
حزوي,name,male
حزيات,name,male
حزيران,name,male
حزيزه,name,female
حزيزي,name,male
حزيعي,name,male
حزيل,name,male
حزيم,name,male
حزيمه,name,female
حزين,name,male
حزينه,name,female
حزيني,name,male
حساء,name,female
حساب,name,male
حسابات,name,male
حسابو,name,male
حسابي,name,male
حساسن,name,male
حساك,name,male
حسام,name,male
حسامه,name,female
حسان,name,male
حسانو,name,male
حساني,name,male
حسانين,name,male
حساه,name,female
حساوي,name,male
حسايف,name,male
حساين,name,male
حسايي,name,male
حسب,name,male
حسباك,name,male
حسبالله,name,male
حسبو,name,male
حسبون,name,male
حسبوني,name,male
حسبي,name,male
حسبيه,name,female
حسده,name,female
حسرات,name,male
حسراتي,name,male
حسرني,name,male
حسرو,name,male
حسكي,name,male
حسمون,name,male
حسن,name,male
حسنا,name,male
حسناء,name,female
حسنات,name,male
حسنالي,name,male
حسناو,name,male
حسناوي,name,male
حسنبه,name,male
حسنتي,name,male
حسنجي,name,male
حسنشاه,name,male
حسنه,name,female
حسنون,name,male
حسني,name,female
حسنياني,name,male
حسنين,name,male
حسنيني,name,male
حسنيه,name,female
حسو,name,male
حسوان,name,male
حسوبه,name,female
حسودي,name,male
حسوس,name,male
حسوسو,name,male
حسوف,name,male
حسوم,name,male
حسومن,name,male
حسومه,name,female
حسومي,name,male
حسون,name,male
حسونه,name,female
حسوني,name,male
حسويه,name,female
حسي,name,male
حسيان,name,male
حسياني,name,male
حسيب,name,male
حسيباني,name,male
حسيبه,name,female
حسيبي,name,male
حسيده,name,female
حسير,name,male
حسيس,name,male
حسيسن,name,male
حسيف,name,male
حسيلان,name,male
حسيم,name,male
حسيمه,name,female
حسين,name,male
حسينار,name,male
حسينم,name,male
حسينه,name,female
حسينو,name,male
حسيني,name,male
حسينيه,name,female
حسيوني,name,male
حشاته,name,female
حشاد,name,male
حشادي,name,male
حشاش,name,male
حشاشه,name,female
حشانه,name,female
حشاني,name,male
حشاي,name,male
حشايش,name,male
حشبري,name,male
حشد,name,male
حشران,name,male
حشروف,name,male
حشري,name,male
حشريه,name,female
حشمات,name,male
حشمت,name,male
حشمن,name,male
حشمه,name,female
حشمي,name,male
حشميه,name,female
حشن,name,male
حشنه,name,female
حشني,name,male
حشو,name,male
حشوابه,name,female
حشوان,name,male
حشور,name,male
حشوني,name,male
حشيب,name,male
حشيش,name,male
حشيشه,name,female
حشيشي,name,male
حشيمه,name,female
حشيني,name,male
حشيه,name,female
حصادنه,name,female
حصاده,name,female
حصار,name,male
حصاره,name,female
حصاري,name,male
حصافي,name,male
حصايري,name,male
حصبان,name,male
حصبن,name,male
حصحاصي,name,male
حصدان,name,male
حصر,name,male
حصراء,name,female
حصرم,name,male
حصفه,name,female
حصل,name,male
حصن,name,male
حصه,name,female
حصور,name,male
حصوره,name,female
حصومه,name,female
حصون,name,male
حصي,name,male
حصيف,name,male
حصيفان,name,male
حصيل,name,male
حصيله,name,female
حصين,name,male
حصينه,name,female
حصيوي,name,male
حصيي,name,male
حضاره,name,female
حضاض,name,male
حضاضه,name,female
حضاضي,name,male
حضانه,name,female
حضاونه,name,female
حضبه,name,female
حضراء,name,female
حضرات,name,male
حضراوي,name,male
حضرت,name,male
حضرمي,name,male
حضرو,name,male
حضروف,name,male
حضروني,name,male
حضروه,name,female
حضري,name,male
حضريه,name,female
حضورمي,name,male
حضوره,name,female
حضيبه,name,female
حضيبي,name,male
حضيران,name,male
حضيره,name,female
حضيري,name,male
حضيض,name,male
حضيق,name,male
حضيه,name,female
حطاب,name,male
حطابه,name,female
حطابي,name,male
حطاطبه,name,female
حطال,name,male
حطب,name,male
حطباء,name,female
حطرون,name,male
حطش,name,male
حطلي,name,male
حطمان,name,male
حطوم,name,male
حطي,name,male
حطيان,name,male
حطيم,name,male
حطيه,name,female
حظاء,name,female
حظار,name,male
حظور,name,male
حظويه,name,female
حظيبه,name,female
حفاتي,name,male
حفاد,name,male
حفار,name,male
حفاره,name,female
حفاري,name,male
حفاظ,name,male
حفاظي,name,male
حفاف,name,male
حفاوه,name,female
حفاوي,name,male
حفايديه,name,female
حفايصيه,name,female
حفايظ,name,male
حفايه,name,female
حفته,name,female
حفدي,name,male
حفر,name,male
حفرون,name,male
حفروي,name,male
حفصه,name,female
حفصوني,name,male
حفصي,name,male
حفصيه,name,female
حفظ,name,male
حفظان,name,male
حفظاي,name,male
حفظي,name,male
حفلان,name,male
حفنائي,name,male
حفناوي,name,male
حفه,name,female
حفودي,name,male
حفوز,name,male
حفوصي,name,male
حفوضه,name,female
حفوضي,name,male
حفون,name,male
حفي,name,male
حفيان,name,male
حفياني,name,male
حفيت,name,male
حفيره,name,female
حفيري,name,male
حفيش,name,male
حفيصه,name,female
حفيصي,name,male
حفيض,name,male
حفيضان,name,male
حفيضي,name,male
حفيظ,name,male
حفيظه,name,female
حفيفه,name,female
حفيفي,name,male
حفيل,name,male
حفينان,name,male
حفيني,name,male
حفيه,name,female
حقات,name,male
حقادي,name,male
حقاش,name,male
حقبان,name,male
حقرون,name,male
حقطان,name,male
حقله,name,female
حقلي,name,male
حقن,name,male
حقنان,name,male
حقه,name,female
حقو,name,male
حقوان,name,male
حقوقي,name,male
حقونه,name,female
حقي,name,male
حقير,name,male
حقيق,name,male
حقيه,name,female
حكا,name,male
حكام,name,male
حكاوه,name,female
حكايش,name,male
حكري,name,male
حكشه,name,female
حكشي,name,male
حكلان,name,male
حكم,name,male
حكمات,name,male
حكماوي,name,male
حكمت,name,male
حكمه,name,female
حكمي,name,male
حكميه,name,female
حكور,name,male
حكوري,name,male
حكول,name,male
حكوم,name,male
حكومي,name,male
حكوي,name,male
حكيم,name,male
حكيمان,name,male
حكيمن,name,male
حكيمه,name,female
حكيموني,name,male
حكيمي,name,male
حكيميه,name,female
حلا,name,female
حلابيه,name,female
حلاج,name,male
حلاحل,name,male
حلاسه,name,female
حلاصي,name,male
حلاقه,name,female
حلال,name,male
حلاله,name,female
حلام,name,male
حلامه,name,female
حلان,name,male
حلاني,name,male
حلاه,name,female
حلاوته,name,male
حلاوتها,name,male
حلاوه,name,female
حلاوي,name,male
حلايلي,name,male
حلب,name,male
حلبان,name,male
حلبو,name,male
حلبوس,name,male
حلبوني,name,male
حلبي,name,male
حلبيه,name,female
حلته,name,female
حلحل,name,male
حلحول,name,male
حلحولي,name,male
حلزاء,name,female
حلشي,name,male
حلص,name,male
حلط,name,male
حلف,name,male
حلفه,name,female
حلفوني,name,male
حلق,name,male
حلقه,name,female
حلقي,name,male
حلقيه,name,female
حلك,name,male
حلله,name,female
حلم,name,male
حلما,name,male
حلماني,name,male
حلمو,name,male
حلمي,name,male
حله,name,female
حلو,name,male
حلواتي,name,male
حلوان,name,male
حلواني,name,male
حلواي,name,male
حلوج,name,male
حلوجي,name,male
حلوسه,name,female
حلوف,name,male
حلوفه,name,female
حلوكا,name,male
حلول,name,male
حلولي,name,male
حلومه,name,female
حلوه,name,female
حلوي,name,female
حلي,name,male
حليان,name,male
حليب,name,male
حليبا,name,male
حليت,name,male
حليج,name,male
حليس,name,male
حليف,name,male
حليقه,name,female
حليك,name,male
حليل,name,male
حليله,name,female
حليلو,name,male
حليلي,name,male
حليم,name,male
حليما,name,male
حليمه,name,female
حليمي,name,male
حليه,name,female
حماته,name,female
حماد,name,male
حماده,name,female
حمادي,name,male
حماديه,name,female
حمارس,name,male
حماره,name,female
حماسه,name,female
حماسي,name,male
حماسيه,name,female
حماض,name,male
حماضي,name,male
حماقي,name,male
حمالات,name,male
حمام,name,male
حمامدي,name,male
حمامديه,name,female
حمامصي,name,male
حمامه,name,female
حمامو,name,male
حماموشي,name,male
حمامي,name,male
حماميه,name,female
حمان,name,male
حمانه,name,female
حماني,name,male
حماه,name,female
حماونه,name,female
حمايت,name,male
حمايديه,name,female
حمايك,name,male
حمايه,name,female
حمايون,name,male
حمبلي,name,male
حمبه,name,female
حمبول,name,male
حمبولي,name,male
حمتا,name,male
حمتو,name,male
حمد,name,male
حمداء,name,female
حمدان,name,male
حمدانه,name,female
حمداني,name,male
حمداي,name,male
حمدت,name,male
حمدد,name,male
حمددي,name,male
حمده,name,female
حمدو,name,male
حمدوت,name,male
حمدولي,name,male
حمدون,name,male
حمدي,name,male
حمدين,name,male
حمديني,name,male
حمديه,name,female
حمديين,name,male
حمرا,name,male
حمراء,name,female
حمران,name,male
حمروس,name,male
حمروني,name,male
حمرونيه,name,female
حمزام,name,male
حمزان,name,male
حمزاوي,name,male
حمزه,name,male
حمزيه,name,female
حمسان,name,male
حمسه,name,female
حمسيه,name,female
حمص,name,male
حمصي,name,male
حمضان,name,male
حمضي,name,male
حمق,name,male
حمقلي,name,male
حملات,name,male
حملول,name,male
حملي,name,male
حمليلي,name,male
حمندي,name,male
حمنه,name,female
حمه,name,female
حمو,name,male
حموا,name,male
حموت,name,male
حموتي,name,male
حمود,name,male
حمودا,name,male
حموده,name,female
حمودي,name,male
حمودين,name,male
حمور,name,male
حموري,name,male
حموزه,name,female
حموس,name,male
حموش,name,male
حموشان,name,male
حموشي,name,male
حموصه,name,female
حموض,name,male
حموقه,name,female
حمول,name,male
حمومه,name,female
حموي,name,male
حمي,name,male
حمياء,name,female
حمياسي,name,male
حميان,name,male
حميتي,name,male
حميد,name,male
حميدان,name,male
حميداني,name,male
حميدت,name,male
حميدن,name,male
حميده,name,female
حمير,name,male
حميراء,name,female
حميز,name,male
حميسن,name,male
حميش,name,male
حميشان,name,male
حميشي,name,male
حميص,name,male
حميصي,name,male
حميط,name,male
حميف,name,male
حميكي,name,male
حميل,name,male
حميلان,name,male
حميلو,name,male
حميمدي,name,male
حميمش,name,male
حميمه,name,female
حميمو,name,male
حميميد,name,male
حميميدي,name,male
حمينو,name,male
حميه,name,female
حميون,name,male
حميوني,name,male
حنا,name,male
حناب,name,male
حنات,name,male
حناتيش,name,male
حناج,name,male
حناش,name,male
حناشي,name,male
حناف,name,male
حنافه,name,female
حناك,name,male
حنان,name,female
حنانه,name,female
حناني,name,male
حنانيا,name,male
حناوي,name,male
حنايات,name,male
حنايصه,name,female
حناين,name,male
حنبسه,name,female
حنبش,name,male
حنبلي,name,male
حنتان,name,male
حنتر,name,male
حنتف,name,male
حنتوس,name,male
حنث,name,male
حنثي,name,male
حنجر,name,male
حنجور,name,male
حنجوره,name,female
حنحينه,name,female
حنداس,name,male
حنداوي,name,male
حندر,name,male
حندش,name,male
حندله,name,female
حندوز,name,male
حندي,name,male
حنديه,name,female
حنساء,name,female
حنسو,name,male
حنطاوي,name,male
حنطر,name,male
حنطل,name,male
حنطه,name,female
حنطو,name,male
حنطوري,name,male
حنظل,name,male
حنظله,name,female
حنفاوي,name,male
حنفي,name,male
حنفيس,name,male
حنقر,name,male
حنقيه,name,female
حنكار,name,male
حنكاوي,name,male
حنكو,name,male
حنوا,name,male
حنواء,name,female
حنود,name,male
حنودا,name,male
حنور,name,male
حنوش,name,male
حنوشا,name,male
حنوفه,name,female
حنون,name,male
حنونه,name,female
حنوه,name,female
حنوي,name,male
حنيبش,name,male
حنيت,name,male
حنيتر,name,male
حنيثال,name,male
حنيثان,name,male
حنيجل,name,male
حنيحينه,name,female
حنيدا,name,male
حنيدس,name,male
حنير,name,male
حنيش,name,male
حنيطي,name,male
حنيف,name,male
حنيفا,name,male
حنيفس,name,male
حنيفه,name,female
حنيفيه,name,female
حنيك,name,male
حنين,name,female
حنينا,name,male
حنينه,name,female
حنيني,name,male
حنيه,name,female
حواء,name,female
حوابشه,name,female
حوات,name,male
حواتن,name,male
حواج,name,male
حواجبيه,name,female
حوارات,name,male
حوارشه,name,female
حوارني,name,male
حواره,name,female
حواري,name,male
حواس,name,male
حواسي,name,male
حواسيه,name,female
حواش,name,male
حواص,name,male
حواض,name,male
حواطه,name,female
حواطي,name,male
حواف,name,male
حواقطه,name,female
حوال,name,male
حواله,name,female
حوامده,name,female
حوامن,name,male
حوانه,name,female
حواني,name,male
حواو,name,male
حوايج,name,male
حوايجي,name,male
حوايجيه,name,female
حوب,name,male
حوباني,name,male
حوباوي,name,male
حوث,name,male
حوثري,name,male
حوجان,name,male
حوجي,name,male
حوحو,name,male
حودات,name,male
حوده,name,female
حودي,name,male
حوذان,name,male
حور,name,male
حوراء,name,female
حورات,name,male
حوراني,name,male
حوري,name,male
حوريه,name,female
حوزا,name,male
حوزاني,name,male
حوزون,name,male
حوزيه,name,female
حوس,name,male
حوسين,name,male
حوش,name,male
حوشابا,name,male
حوشي,name,male
حوصلي,name,male
حوض,name,male
حوط,name,male
حوطان,name,male
حوطه,name,female
حوفه,name,female
حوفيه,name,female
حوكان,name,male
حوكل,name,male
حوكه,name,female
حولا,name,male
حولاني,name,male
حولق,name,male
حولين,name,male
حومالي,name,male
حومل,name,male
حومي,name,male
حومين,name,male
حويات,name,male
حويبس,name,male
حويتي,name,male
حويث,name,male
حويرب,name,male
حويرث,name,male
حويرش,name,male
حويز,name,male
حويزان,name,male
حويزاوي,name,male
حويزم,name,male
حويزه,name,female
حويس,name,male
حويسر,name,male
حويش,name,male
حويشر,name,male
حويشيه,name,female
حويض,name,male
حويضان,name,male
حويطر,name,male
حويطه,name,female
حويظر,name,male
حويف,name,male
حويفر,name,male
حويفص,name,male
حويفض,name,male
حويلاء,name,female
حويلس,name,male
حويله,name,female
حويلي,name,male
حويمد,name,male
حويمل,name,male
حويميد,name,male
حويه,name,female
حويوه,name,female
حياء,name,female
حيات,name,male
حياتو,name,male
حياتي,name,male
حياج,name,male
حياده,name,female
حياره,name,female
حياري,name,male
حياز,name,male
حياس,name,male
حياشي,name,male
حياضه,name,female
حياط,name,male
حياطه,name,female
حياف,name,male
حيافه,name,female
حيال,name,male
حياله,name,female
حيان,name,male
حياني,name,male
حياه,name,female
حياوي,name,male
حياي,name,male
حيبار,name,male
حيبان,name,male
حيباني,name,male
حيبشان,name,male
حيتم,name,male
حيجاوي,name,male
حيجر,name,male
حيجري,name,male
حيجي,name,male
حيد,name,male
حيدار,name,male
حيداني,name,male
حيدر,name,male
حيدرا,name,male
حيدره,name,female
حيدرو,name,male
حيدروي,name,male
حيدري,name,male
حيدق,name,male
حيدل,name,male
حيده,name,female
حيدوري,name,male
حيدون,name,male
حيدي,name,male
حيرا,name,male
حيرات,name,male
حيراري,name,male
حيراز,name,male
حيراني,name,male
حيرثي,name,male
حيرز,name,male
حيرزا,name,male
حيرف,name,male
حيروف,name,male
حيز,name,male
حيزات,name,male
حيزو,name,male
حيزوم,name,male
حيزومه,name,female
حيزيه,name,female
حيساوي,name,male
حيسو,name,male
حيسي,name,male
حيشه,name,female
حيصات,name,male
حيصه,name,female
حيضان,name,male
حيضر,name,male
حيطانه,name,female
حيطه,name,female
حيفي,name,male
حيقاوي,name,male
حيقود,name,male
حيكان,name,male
حيل,name,male
حيلا,name,male
حيله,name,female
حيلو,name,male
حيلي,name,male
حيليلي,name,male
حيمان,name,male
حيمر,name,male
حيمل,name,male
حيمود,name,male
حيمور,name,male
حيمي,name,male
حين,name,male
حيوان,name,male
حيوسي,name,male
حيوص,name,male
حيوط,name,male
حيول,name,male
حيون,name,male
حيونه,name,female
حيي,name,male
حييه,name,female
حاضنة,name,female
حالمة,name,female
حانية,name,female
حبوبة,name,female
حبور,name,female
حبوس,name,female
حسانة,name,female
حظوة,name,female
حلمية,name,female
حمدونة,name,female
حنوف,name,female
