خائق,name,male
خابش,name,male
خابل,name,male
خابه,name,female
خابور,name,male
خابي,name,male
خاتم,name,male
خاتمه,name,female
خاتمي,name,male
خاتون,name,male
خاجه,name,female
خاجي,name,male
خاجيل,name,male
خاد,name,male
خادرو,name,male
خادري,name,male
خادلين,name,male
خادم,name,male
خادمه,name,female
خاده,name,male
خادي,name,male
خار,name,male
خارا,name,male
خارتان,name,male
خارزبار,name,male
خارصي,name,male
خارق,name,male
خاروصي,name,male
خاروقه,name,female
خاريص,name,male
خاز,name,male
خازام,name,male
خازون,name,male
خازي,name,male
خاس,name,male
خاسع,name,male
خاسقي,name,male
خاسم,name,male
خاش,name,male
خاشع,name,male
خاشقجي,name,male
خاشن,name,male
خاشور,name,male
خاشوق,name,male
خاشوك,name,male
خاشي,name,male
خاصكي,name,male
خاطب,name,male
خاطر,name,male
خاطف,name,male
خاف,name,male
خافجه,name,female
خافد,name,male
خافع,name,male
خاقي,name,male
خال,name,male
خالد,name,male
خالده,name,female
خالدي,name,male
خالديه,name,female
خالص,name,male
خالصه,name,female
خالف,name,male
خالم,name,male
خاله,name,female
خالود,name,male
خالي,name,male
خاليه,name,female
خام,name,male
خامس,name,male
خامسه,name,female
خامو,name,male
خان,name,male
خاناتي,name,male
خانان,name,male
خانزي,name,male
خانصاحب,name,male
خانم,name,male
خانو,name,male
خانور,name,male
خانوس,name,male
خاني,name,male
خاو,name,male
خاوري,name,male
خاويه,name,female
خاي,name,male
خاير,name,male
خايع,name,male
خايف,name,male
خايمي,name,male
خبار,name,male
خباره,name,female
خباز,name,male
خبازبان,name,male
خبازه,name,female
خبازي,name,male
خباشه,name,female
خباشي,name,male
خباصين,name,male
خباط,name,male
خباله,name,female
خبان,name,male
خباني,name,male
خباوي,name,male
خبر,name,male
خبراء,name,female
خبره,name,female
خبزه,name,female
خبزي,name,male
خبزيني,name,male
خبساء,name,female
خبطه,name,female
خبطي,name,male
خبكل,name,male
خبني,name,male
خبه,name,female
خبوري,name,male
خبون,name,male
خبيان,name,male
خبيبه,name,female
خبيتي,name,male
خبير,name,male
خبيره,name,female
خبيشان,name,male
خبيصه,name,female
خبيط,name,male
ختاتنه,name,female
ختار,name,male
ختاشي,name,male
ختال,name,male
ختاله,name,female
ختالي,name,male
ختالين,name,male
ختام,name,male
ختان,name,male
خترو,name,male
ختمه,name,female
ختمي,name,male
ختميه,name,female
ختو,name,male
ختور,name,male
ختير,name,male
ختيمه,name,female
ختين,name,male
ختينان,name,male
خثام,name,male
خثايه,name,female
خثمي,name,male
خثيان,name,male
خثياني,name,male
خثيث,name,male
خثيم,name,male
خثيمي,name,male
خجا,name,male
خجل,name,male
خجه,name,male
خجو,name,male
خجوي,name,male
خجي,name,male
خجيران,name,male
خدا,name,male
خدابخش,name,male
خدادادي,name,male
خداري,name,male
خداش,name,male
خداشان,name,male
خدام,name,male
خدامراد,name,male
خدامش,name,male
خدامه,name,female
خدان,name,male
خداواد,name,male
خدايدي,name,male
خدبه,name,female
خدجه,name,female
خدجيه,name,female
خدر,name,male
خدرجي,name,male
خدرون,name,male
خدري,name,male
خدريه,name,female
خدش,name,male
خدشي,name,male
خدم,name,male
خدمات,name,male
خدمان,name,male
خدمي,name,male
خدنان,name,male
خده,name,male
خدو,name,male
خدوات,name,male
خدوج,name,male
خدوجه,name,female
خدود,name,male
خدوري,name,male
خدون,name,male
خدوي,name,male
خديب,name,male
خديج,name,male
خديجه,name,female
خديجي,name,male
خديد,name,male
خديدا,name,male
خديده,name,female
خديعي,name,male
خديفه,name,female
خديلي,name,male
خديم,name,male
خديمه,name,female
خديمي,name,male
خدين,name,male
خديوش,name,male
خديوم,name,male
خديوه,name,male
خديوي,name,male
خديويه,name,female
خذافه,name,female
خذامي,name,male
خذريه,name,female
خذعل,name,male
خذيري,name,male
خراب,name,male
خرابشه,name,female
خرابشي,name,male
خرابيش,name,male
خرادل,name,male
خرار,name,male
خراز,name,male
خراس,name,male
خراساني,name,male
خراسي,name,male
خراشي,name,male
خراصين,name,male
خراط,name,male
خراطه,name,female
خراف,name,male
خراق,name,male
خرامي,name,male
خران,name,male
خراوع,name,male
خرايف,name,male
خرايفه,name,female
خرب,name,male
خرباش,name,male
خربز,name,male
خربوش,name,male
خربوشه,name,female
خربيشه,name,female
خرتوش,name,male
خرج,name,male
خرجه,name,female
خرجين,name,male
خردان,name,male
خردجي,name,male
خرده,name,male
خردوز,name,male
خردي,name,male
خرز,name,male
خرزات,name,male
خرس,name,male
خرسي,name,male
خرشافي,name,male
خرشفي,name,male
خرشه,name,female
خرشوف,name,male
خرشوفه,name,female
خرشي,name,male
خرع,name,male
خرفات,name,male
خرفاش,name,male
خركو,name,male
خرماش,name,male
خرمي,name,male
خرميل,name,male
خرندار,name,male
خرنده,name,male
خروب,name,male
خروبه,name,female
خروبي,name,male
خروج,name,male
خروجه,name,female
خروجي,name,male
خروز,name,male
خروط,name,male
خروعه,name,female
خروف,name,male
خريان,name,male
خريبش,name,male
خريبشه,name,female
خريبه,name,female
خريثا,name,male
خريجات,name,male
خريخر,name,male
خريده,name,female
خريزان,name,male
خريزي,name,male
خريس,name,male
خريسات,name,male
خريسي,name,male
خريشف,name,male
خريشو,name,male
خريص,name,male
خريطه,name,female
خريع,name,male
خريف,name,male
خريفه,name,female
خريفيش,name,male
خريم,name,male
خريمان,name,male
خريمش,name,male
خريمه,name,female
خزاء,name,female
خزاب,name,male
خزاجي,name,male
خزار,name,male
خزاعله,name,female
خزافه,name,female
خزام,name,male
خزامه,name,female
خزاني,name,male
خزايمي,name,male
خزبار,name,male
خزعل,name,male
خزعلي,name,male
خزعليه,name,female
خزفيه,name,female
خزما,name,male
خزماء,name,female
خزمه,name,female
خزمي,name,male
خزنه,name,male
خزنون,name,male
خزور,name,male
خزوفه,name,female
خزير,name,male
خزيران,name,male
خزيز,name,male
خزيف,name,male
خزيفي,name,male
خزيقه,name,female
خزيم,name,male
خزيمه,name,female
خزيمي,name,male
خزين,name,male
خزينه,name,female
خساره,name,female
خساري,name,male
خساف,name,male
خسالم,name,male
خسانه,name,female
خسته,name,male
خسران,name,male
خسراوي,name,male
خسرو,name,male
خسروت,name,male
خسروي,name,male
خسكه,name,male
خسكيه,name,female
خسون,name,male
خسيف,name,male
خسيفاني,name,male
خسيم,name,male
خسيمه,name,female
خسيني,name,male
خشابي,name,male
خشاش,name,male
خشاشي,name,male
خشان,name,male
خشاني,name,male
خشايني,name,male
خشب,name,male
خشبه,name,female
خشخاش,name,male
خشرم,name,male
خشره,name,female
خشريان,name,male
خشل,name,male
خشلي,name,male
خشمان,name,male
خشماوي,name,male
خشن,name,male
خشنا,name,male
خشنان,name,male
خشنود,name,male
خشنور,name,male
خشني,name,male
خشو,name,male
خشوعي,name,male
خشول,name,male
خشوني,name,male
خشوين,name,male
خشيبان,name,male
خشيبون,name,male
خشيبي,name,male
خشير,name,male
خشيرم,name,male
خشيش,name,male
خشيشه,name,female
خشيعي,name,male
خشيفاتي,name,male
خشيلان,name,male
خشين,name,male
خشيني,name,male
خشينين,name,male
خشيه,name,female
خصاب,name,male
خصابه,name,female
خصاصي,name,male
خصاف,name,male
خصال,name,male
خصايب,name,male
خصايري,name,male
خصب,name,male
خصبه,name,female
خصبوي,name,male
خصبيه,name,female
خصره,name,female
خصصي,name,male
خصفان,name,male
خصفه,name,female
خصمت,name,male
خصوصي,name,male
خصيب,name,male
خصيبه,name,female
خصيري,name,male
خصيس,name,male
خصيص,name,male
خصيف,name,male
خصيفان,name,male
خضاب,name,male
خضابا,name,male
خضابي,name,male
خضادي,name,male
خضار,name,male
خضاره,name,female
خضاري,name,male
خضاضي,name,male
خضالي,name,male
خضاونه,name,female
خضاوي,name,male
خضر,name,male
خضرا,name,male
خضراء,name,female
خضران,name,male
خضراني,name,male
خضرانيه,name,female
خضراوي,name,male
خضرت,name,male
خضره,name,female
خضرون,name,male
خضرويه,name,female
خضري,name,male
خضريان,name,male
خضريه,name,female
خضلان,name,male
خضه,name,female
خضور,name,male
خضوري,name,male
خضيبان,name,male
خضيد,name,male
خضير,name,male
خضيرار,name,male
خضيرم,name,male
خضيري,name,male
خضيفان,name,male
خطا,name,male
خطاب,name,male
خطابي,name,male
خطار,name,male
خطاط,name,male
خطاف,name,male
خطافي,name,male
خطال,name,male
خطان,name,male
خطايا,name,male
خطايبه,name,female
خطاير,name,male
خطره,name,female
خطريه,name,female
خطو,name,male
خطواني,name,male
خطوري,name,male
خطوطه,name,female
خطوف,name,male
خطويه,name,female
خطيب,name,male
خطيبه,name,female
خطيبي,name,male
خطيره,name,female
خطيط,name,male
خطيفه,name,female
خطيفي,name,male
خطيم,name,male
خطين,name,male
خطيه,name,female
خعاد,name,male
خعامر,name,male
خعصام,name,male
خعطيه,name,female
خفاء,name,female
خفاجه,name,female
خفاجي,name,male
خفاف,name,male
خفال,name,male
خفرانيه,name,female
خفراوي,name,male
خفرجي,name,male
خفره,name,female
خفضه,name,female
خفقان,name,male
خفي,name,male
خفيا,name,male
خفيان,name,male
خفيتي,name,male
خفيج,name,male
خفير,name,male
خفيران,name,male
خفيري,name,male
خفيف,name,male
خفيفه,name,female
خفيق,name,male
خفيقه,name,female
خلاء,name,female
خلائفه,name,female
خلاد,name,male
خلادي,name,male
خلاش,name,male
خلاص,name,male
خلاصي,name,male
خلاف,name,male
خلافه,name,female
خلافي,name,male
خلافين,name,male
خلاوه,name,female
خلاوي,name,male
خلايلي,name,male
خلبان,name,male
خلباوي,name,male
خلبص,name,male
خلخال,name,male
خلخل,name,male
خلد,name,male
خلدا,name,male
خلداء,name,female
خلدان,name,male
خلدن,name,male
خلدون,name,male
خلدوه,name,male
خلديه,name,female
خلص,name,male
خلصت,name,male
خلصي,name,male
خلع,name,male
خلعه,name,female
خلف,name,male
خلفا,name,male
خلفاء,name,female
خلفان,name,male
خلفانه,name,female
خلفت,name,male
خلفتني,name,male
خلفه,name,female
خلفون,name,male
خلفي,name,male
خلفين,name,male
خلقه,name,female
خلمجي,name,male
خله,name,female
خلواوي,name,male
خلود,name,female
خلوده,name,female
خلوصي,name,male
خلوعه,name,female
خلوف,name,male
خلوفه,name,female
خلوفي,name,male
خلوق,name,male
خلوقي,name,male
خلول,name,male
خلوله,name,female
خلولي,name,male
خلوم,name,male
خلومه,name,female
خلون,name,male
خلونه,name,female
خلوه,name,female
خلوي,name,male
خلويه,name,female
خلي,name,male
خليان,name,male
خليبيص,name,male
خليد,name,male
خليده,name,female
خليس,name,male
خليصه,name,female
خليط,name,male
خليعه,name,female
خليف,name,male
خليفات,name,male
خليفاني,name,male
خليفاوي,name,male
خليفت,name,male
خليفتي,name,male
خليفه,name,male
خليفون,name,male
خليفي,name,male
خليفيت,name,male
خليفيني,name,male
خليفيه,name,female
خليقت,name,male
خليقي,name,male
خليل,name,male
خليله,name,female
خليلي,name,male
خليم,name,male
خليوي,name,male
خماجي,name,male
خماخم,name,male
خماد,name,male
خمادي,name,male
خمار,name,male
خماس,name,male
خماسا,name,male
خماسي,name,male
خماش,name,male
خمال,name,male
خمالي,name,male
خمام,name,male
خمامم,name,male
خمامه,name,female
خماني,name,male
خمايس,name,male
خمايه,name,female
خمباشي,name,male
خمبشي,name,male
خمبوصي,name,male
خمبيس,name,male
خمجي,name,male
خمدان,name,male
خمده,name,female
خمدو,name,male
خمراني,name,male
خمره,name,female
خمري,name,male
خمسي,name,male
خمسين,name,male
خمسيه,name,female
خمطي,name,male
خمل,name,male
خملي,name,male
خمليه,name,female
خمور,name,male
خموره,name,female
خموصه,name,female
خمونه,name,female
خميدي,name,male
خمير,name,male
خميرو,name,male
خميري,name,male
خميس,name,male
خميسان,name,male
خميسه,name,female
خميسيه,name,female
خميط,name,male
خميم,name,male
خناء,name,female
خناتي,name,male
خناثي,name,male
خناجره,name,female
خناجه,name,female
خناد,name,male
خنادق,name,male
خناده,name,female
خنازان,name,male
خنازره,name,female
خناش,name,male
خناف,name,male
خنافه,name,female
خنافو,name,male
خناق,name,male
خنام,name,male
خنانه,name,female
خنبوشي,name,male
خنتر,name,male
خنتوس,name,male
خنثل,name,male
خنجاب,name,male
خنجر,name,male
خنجوره,name,female
خندريس,name,male
خندوقه,name,female
خنساء,name,female
خنشع,name,male
خنشل,name,male
خنشول,name,male
خنشي,name,male
خنصوريه,name,female
خنضل,name,male
خنضور,name,male
خنف,name,male
خنفار,name,male
خنفان,name,male
خنفسي,name,male
خنكار,name,male
خنكاوي,name,male
خنو,name,male
خنور,name,male
خنوع,name,male
خنوف,name,male
خنوفه,name,female
خنيات,name,male
خنيت,name,male
خنيتا,name,male
خنيزي,name,male
خنيسي,name,male
خنيفر,name,male
خنيفس,name,male
خنيفه,name,female
خنيفي,name,male
خنيم,name,male
خنين,name,male
خنينه,name,female
خوابره,name,female
خوات,name,male
خواتمه,name,female
خواتمي,name,male
خواجه,name,female
خواجي,name,male
خواده,name,female
خواشكي,name,male
خواشين,name,male
خواصي,name,male
خواطر,name,male
خواطه,name,female
خوالجه,name,female
خوالديه,name,female
خوالصيه,name,female
خوالفه,name,female
خوام,name,male
خوامي,name,male
خواني,name,male
خواه,name,male
خوايجي,name,male
خوتات,name,male
خوتي,name,male
خوثم,name,male
خوجلي,name,male
خوجه,name,female
خوخ,name,male
خوخان,name,male
خوخو,name,male
خودان,name,male
خودر,name,male
خوذه,name,female
خور,name,male
خوران,name,male
خوربي,name,male
خورجي,name,male
خورشيد,name,male
خورني,name,male
خوري,name,male
خوزير,name,male
خوزين,name,male
خوزيه,name,female
خوسيه,name,female
خوش,name,male
خوشا,name,male
خوشابا,name,male
خوشدل,name,male
خوشوع,name,male
خوشيليه,name,female
خوض,name,male
خوضر,name,male
خوفانا,name,male
خوقاني,name,male
خوقي,name,male
خوكا,name,male
خولا,name,male
خولاني,name,male
خولجي,name,male
خولد,name,male
خولديه,name,female
خولني,name,male
خوله,name,female
خولي,name,male
خوليان,name,male
خوليد,name,male
خوليه,name,female
خوما,name,male
خومانه,name,female
خومه,name,female
خومي,name,male
خونا,name,male
خونه,name,female
خوني,name,male
خوي,name,male
خوياتي,name,male
خويتم,name,male
خويد,name,male
خويدر,name,male
خويدي,name,male
خويديم,name,male
خويران,name,male
خويرم,name,male
خويره,name,female
خويرون,name,male
خويسات,name,male
خويص,name,male
خويطري,name,male
خويع,name,male
خويف,name,male
خويلد,name,male
خويلدم,name,male
خويلي,name,male
خويمر,name,male
خيات,name,male
خياجي,name,male
خيار,name,male
خياشي,name,male
خياطان,name,male
خياطي,name,male
خياطيه,name,female
خيال,name,male
خيالي,name,male
خيان,name,male
خياه,name,male
خياوي,name,male
خيبر,name,male
خيبس,name,male
خيتر,name,male
خيتم,name,male
خيته,name,female
خيتي,name,male
خيث,name,male
خيثم,name,male
خيد,name,male
خيدو,name,male
خيدي,name,male
خير,name,male
خيرا,name,male
خيرات,name,male
خيران,name,male
خيرت,name,male
خيرشي,name,male
خيرق,name,male
خيرن,name,male
خيره,name,female
خيروا,name,male
خيرون,name,male
خيروني,name,male
خيروين,name,male
خيري,name,male
خيرين,name,male
خيريه,name,female
خيريو,name,male
خيزران,name,male
خيزوران,name,male
خيس,name,male
خيشات,name,male
خيشان,name,male
خيشل,name,male
خيص,name,male
خيضر,name,male
خيضم,name,male
خيطر,name,male
خيف,name,male
خيفان,name,male
خيفانه,name,female
خيفي,name,male
خيل,name,male
خيلاء,name,female
خيلان,name,male
خيلد,name,male
خيمان,name,male
خيمسي,name,male
خيمي,name,male
خيناب,name,male
خيني,name,male
خيواني,name,male
خيور,name,male
خيوسي,name,male
خيوشي,name,male
خيون,name,male
خييل,name,male
