دؤوب,name,male
دائب,name,male
دائخ,name,male
دائل,name,male
دائله,name,female
دائلي,name,male
دائم,name,male
دائميه,name,female
داب,name,male
دابار,name,male
دابله,name,male
دابوقي,name,male
دابير,name,male
دات,name,male
داتي,name,male
داثري,name,male
داجا,name,male
داجوول,name,male
داجي,name,male
داجيش,name,male
داحبي,name,male
داحر,name,male
داحش,name,male
داحمان,name,male
داحماني,name,male
داحمي,name,male
داحني,name,male
داحه,name,female
داحي,name,male
داخر,name,male
داخش,name,male
داخل,name,male
داخله,name,female
داخلي,name,male
داخيه,name,female
داد,name,male
دادا,name,male
داداش,name,male
دادان,name,male
دادخدا,name,male
داده,name,male
دادور,name,male
دادون,name,male
دادي,name,male
دار,name,male
دارا,name,male
داراي,name,male
داربي,name,male
داربين,name,male
دارجان,name,male
دارز,name,male
دارس,name,male
دارسو,name,male
دارسي,name,male
دارمان,name,male
دارمو,name,male
داروي,name,male
داريا,name,male
دارين,name,male
داريوس,name,male
داس,name,male
داسمان,name,male
داسمي,name,male
داشا,name,male
داعان,name,male
داعر,name,male
داعز,name,male
داعسي,name,male
داغ,name,male
داغر,name,male
داغستاني,name,male
داغل,name,male
داغوث,name,male
دافان,name,male
دافد,name,male
دافله,name,female
دافه,name,male
دافون,name,male
دافيد,name,male
داقار,name,male
داقر,name,male
داقس,name,male
داكات,name,male
داكر,name,male
دالا,name,male
دالاي,name,male
دالس,name,male
دالكه,name,female
دالي,name,male
داليا,name,male
داليه,name,female
دامح,name,male
دامخ,name,male
دامرجي,name,male
داموح,name,male
داموري,name,male
داموس,name,male
دامولي,name,male
داموني,name,male
دامي,name,male
داميه,name,female
دان,name,male
دانا,name,female
دانتي,name,male
دانج,name,male
دانخ,name,male
داندراوي,name,male
داندن,name,male
دانري,name,male
دانش,name,male
دانعي,name,male
دانه,name,male
دانو,name,male
دانوق,name,male
داني,name,male
دانيال,name,male
دانيلا,name,male
دانيه,name,female
دانييلا,name,male
داهش,name,male
داهوديه,name,female
داو,name,male
داوا,name,male
داوبه,name,female
داود,name,male
داوده,name,female
داور,name,male
داوري,name,male
داوم,name,male
داوه,name,male
داوود,name,male
داوي,name,male
داي,name,male
دايا,name,male
دايان,name,male
دايب,name,male
دايخ,name,male
دايري,name,male
دايش,name,male
دايلا,name,male
دايله,name,female
داين,name,male
دايون,name,male
دبا,name,male
دباب,name,male
دبابات,name,male
دبابش,name,male
دبابشه,name,female
دبابنه,name,female
دبابي,name,male
دباجه,name,female
دبار,name,male
دبارنه,name,female
دباري,name,male
دباس,name,male
دباش,name,male
دباغ,name,male
دباغيه,name,female
دبالي,name,male
دبانه,name,female
دباه,name,male
دبايح,name,male
دبايسه,name,male
دبح,name,male
دبحه,name,female
دبخ,name,male
دبران,name,male
دبس,name,male
دبسيه,name,female
دبش,name,male
دبشاوي,name,male
دبع,name,male
دبعي,name,male
دبغان,name,male
دبغي,name,male
دبق,name,male
دبكل,name,male
دبلات,name,male
دبلاه,name,male
دبله,name,female
دبلون,name,male
دبني,name,male
دبهان,name,male
دبوب,name,male
دبوبه,name,male
دبور,name,male
دبوري,name,male
دبوس,name,male
دبوق,name,male
دبولي,name,male
دبوني,name,male
دبي,name,male
دبيار,name,male
دبيان,name,male
دبيب,name,male
دبيجان,name,male
دبيح,name,male
دبيخي,name,male
دبيره,name,male
دبيسي,name,male
دبيق,name,male
دبيكي,name,male
دبيلي,name,male
دبيه,name,female
دجاش,name,male
دجالي,name,male
دجانه,name,female
دجاني,name,male
دجران,name,male
دجعان,name,male
دجله,name,female
دجم,name,male
دجوبي,name,male
دجوه,name,female
دجي,name,male
دجيل,name,male
دجينه,name,female
دجيني,name,male
دحاس,name,male
دحام,name,male
دحان,name,male
دحانه,name,female
دحايره,name,female
دحبه,name,female
دحبوب,name,male
دحبوني,name,male
دحداحي,name,male
دحدح,name,male
دحرو,name,male
دحروج,name,male
دحروجه,name,female
دحروش,name,male
دحشه,name,female
دحف,name,male
دحلاب,name,male
دحلان,name,male
دحله,name,female
دحم,name,male
دحمان,name,male
دحماني,name,male
دحمل,name,male
دحملي,name,male
دحمه,name,female
دحمي,name,male
دحمين,name,male
دحني,name,male
دحه,name,female
دحو,name,male
دحوشي,name,male
دحول,name,male
دحير,name,male
دحيم,name,male
دحيمان,name,male
دحيميل,name,male
دخا,name,male
دخاخني,name,male
دخاضي,name,male
دخال,name,male
دخاله,name,female
دخان,name,male
دخانه,name,female
دخرت,name,male
دخريص,name,male
دخش,name,male
دخل,name,male
دخلاوي,name,male
دخلي,name,male
دخليه,name,female
دخمان,name,male
دخن,name,male
دخنه,name,female
دخو,name,male
دخول,name,male
دخولي,name,male
دخون,name,male
دخير,name,male
دخيره,name,female
دخيش,name,male
دخيل,name,male
دخيلان,name,male
دخيمان,name,male
دخيه,name,female
ددنيك,name,male
ددي,name,male
دراب,name,male
درابي,name,male
دراج,name,male
دراجي,name,male
دراح,name,male
درادر,name,male
درادشه,name,female
درار,name,male
دراره,name,female
دراز,name,male
درازا,name,male
درازي,name,male
دراس,name,male
دراع,name,male
دراعو,name,male
دراعين,name,male
دراغمه,name,female
دراكه,name,male
درامات,name,male
درامنه,name,female
درامه,name,male
درامي,name,male
دراهي,name,male
دراونه,name,female
دراوي,name,male
دراويه,name,female
درب,name,male
درباس,name,male
درباش,name,male
درباني,name,male
دربستي,name,male
دربن,name,male
دربندي,name,male
دربيله,name,female
دربين,name,male
درتان,name,male
درجا,name,male
درجي,name,male
درحال,name,male
درحان,name,male
درداق,name,male
دردبه,name,female
دردن,name,male
درده,name,male
دردوح,name,male
دردور,name,male
دردوري,name,male
دردير,name,male
درديري,name,male
درذي,name,male
درر,name,male
درزا,name,male
درزيه,name,female
درس,name,male
درسن,name,male
درسه,name,female
درسو,name,male
درسوني,name,male
درش,name,male
درشان,name,male
درع,name,male
درعا,name,male
درعان,name,male
درعاني,name,male
درعلي,name,male
درعم,name,male
درعن,name,male
درعه,name,female
درعي,name,male
درغام,name,male
درغان,name,male
درغم,name,male
درغوم,name,male
درغومي,name,male
درفاش,name,male
درفال,name,male
درفيل,name,male
درقان,name,male
درقاوي,name,male
دركان,name,male
دركل,name,male
دركي,name,male
درمان,name,male
درماوي,name,male
درمج,name,male
درمسي,name,male
درملي,name,male
درمو,name,male
درموس,name,male
درميان,name,male
درميج,name,male
درميشي,name,male
درناوي,name,male
درني,name,male
دره,name,female
درهام,name,male
درهتان,name,male
درهم,name,male
درهي,name,male
درهيم,name,male
درواشي,name,male
درواه,name,female
دروبي,name,male
دروج,name,male
دروجا,name,male
درور,name,male
دروزه,name,female
دروسه,name,female
دروسيه,name,female
دروشين,name,male
درومي,name,male
دروهم,name,male
درويش,name,male
درويم,name,male
درويني,name,male
دري,name,male
دريا,name,male
درياس,name,male
دريب,name,male
دريبيكه,name,female
دريح,name,male
دريدار,name,male
دريدع,name,male
دريدم,name,male
دريديه,name,female
دريس,name,male
دريسات,name,male
دريعات,name,male
دريق,name,male
دريقان,name,male
دريقه,name,female
دريقي,name,male
دريقيه,name,female
دريكي,name,male
درين,name,male
درينه,name,female
دريه,name,female
دريهمي,name,male
دريوش,name,male
دريوق,name,male
دزاز,name,male
دزاير,name,male
دزيريه,name,male
دزيعه,name,female
دساس,name,male
دسام,name,male
دسان,name,male
دساي,name,male
دستجردي,name,male
دستي,name,male
دستيار,name,male
دسدس,name,male
دسله,name,male
دسمال,name,male
دسن,name,male
دسوقي,name,male
دسون,name,male
دسويق,name,male
دسيم,name,male
دسيماني,name,male
دشان,name,male
دشتي,name,male
دشر,name,male
دشراوي,name,male
دشطوطي,name,male
دشمان,name,male
دشناوي,name,male
دشي,name,male
دشيم,name,male
دضكش,name,male
دعا,name,male
دعاء,name,female
دعاب,name,male
دعابه,name,female
دعاجنه,name,female
دعاس,name,male
دعان,name,male
دعانين,name,male
دعايش,name,male
دعب,name,male
دعبس,name,male
دعبوبي,name,male
دعبوس,name,male
دعبي,name,male
دعبيس,name,male
دعت,name,male
دعج,name,male
دعجاتي,name,male
دعجيل,name,male
دعد,name,male
دعسان,name,male
دعسن,name,male
دعفق,name,male
دعك,name,male
دعله,name,female
دعلو,name,male
دعموت,name,male
دعموس,name,male
دعه,name,female
دعوصي,name,male
دعيبس,name,male
دعيج,name,male
دعيجاء,name,female
دعيد,name,male
دعيري,name,male
دعيس,name,male
دعيسان,name,male
دعيفي,name,male
دعيكه,name,male
دغادشه,name,female
دغايش,name,male
دغدغ,name,male
دغر,name,male
دغراوي,name,male
دغره,name,female
دغرو,name,male
دغري,name,male
دغستاني,name,male
دغش,name,male
دغشه,name,female
دغف,name,male
دغل,name,male
دغمر,name,male
دغمش,name,male
دغموره,name,female
دغموري,name,male
دغميش,name,male
دغن,name,male
دغوغي,name,male
دغوم,name,male
دغير,name,male
دغيري,name,male
دغيش,name,male
دغيلي,name,male
دغيم,name,male
دغيمس,name,male
دغيمي,name,male
دفاف,name,male
دفاق,name,male
دفان,name,male
دفته,name,male
دفراوي,name,male
دفش,name,male
دفع,name,male
دفعي,name,male
دفقه,name,male
دفلن,name,male
دفن,name,male
دفنا,name,male
دفناء,name,female
دفنجي,name,male
دفنيت,name,male
دفوق,name,male
دفول,name,male
دفيان,name,male
دفيد,name,male
دفيده,name,male
دفيره,name,male
دفيس,name,male
دفيش,name,male
دفيع,name,male
دفيقه,name,female
دفينا,name,male
دفيه,name,male
دقا,name,male
دقار,name,male
دقاس,name,male
دقاق,name,male
دقامسه,name,female
دقاني,name,male
دقايل,name,male
دقدقي,name,male
دقدوق,name,male
دقر,name,male
دقرم,name,male
دقرن,name,male
دقرون,name,male
دقسات,name,male
دقليه,name,female
دقنو,name,male
دقه,name,male
دقوت,name,male
دقوق,name,male
دقيس,name,male
دقيقه,name,male
دقيه,name,female
دكاء,name,female
دكاد,name,male
دكاس,name,male
دكاع,name,male
دكاكيني,name,male
دكامي,name,male
دكان,name,male
دكداك,name,male
دكدوك,name,male
دكر,name,male
دكس,name,male
دكشي,name,male
دكلي,name,male
دكنان,name,male
دكو,name,male
دكوان,name,male
دكور,name,male
دكوري,name,male
دكوك,name,male
دكون,name,male
دكوني,name,male
دكيكو,name,male
دكيكي,name,male
دكيكيان,name,male
دلاج,name,male
دلاح,name,male
دلاخ,name,male
دلاق,name,male
دلاكم,name,male
دلال,name,female
دلاله,name,female
دلالو,name,male
دلامه,name,female
دلاي,name,male
دلايه,name,female
دلباح,name,male
دلبوح,name,male
دلبيحي,name,male
دلحه,name,female
دلدل,name,male
دلدول,name,male
دلس,name,male
دلع,name,male
دلف,name,male
دلفان,name,male
دلفاوي,name,male
دلفه,name,female
دلقم,name,male
دلكه,name,female
دلكي,name,male
دللي,name,male
دلما,name,male
دلمار,name,male
دلماس,name,male
دلمن,name,male
دلمه,name,female
دلمو,name,male
دلنده,name,female
دلندي,name,male
دله,name,male
دلهان,name,male
دلهوم,name,male
دلهومي,name,male
دلهوي,name,male
دلو,name,male
دلوت,name,male
دلوح,name,male
دلور,name,male
دلوشاه,name,male
دلول,name,male
دلوله,name,female
دلوم,name,male
دلوه,name,male
دلي,name,male
دلياء,name,female
دليبح,name,male
دليده,name,female
دليزيد,name,male
دليس,name,male
دليش,name,male
دليشاد,name,male
دليع,name,male
دليعه,name,female
دليعين,name,male
دليفه,name,male
دليفي,name,male
دليقان,name,male
دليقه,name,female
دليقيم,name,male
دليكان,name,male
دليل,name,male
دليله,name,female
دليم,name,male
دليمي,name,male
دليوان,name,male
دماء,name,female
دمات,name,male
دماث,name,male
دماح,name,male
دمادي,name,male
دمار,name,male
دماش,name,male
دماشه,name,female
دماطي,name,male
دماك,name,male
دمالاوي,name,male
دمامي,name,male
دمبان,name,male
دمبه,name,female
دمج,name,male
دمجي,name,male
دمح,name,male
دمحان,name,male
دمدم,name,male
دمرداش,name,male
دمشقه,name,female
دمشون,name,male
دمعه,name,male
دمعي,name,male
دمق,name,male
دمكان,name,male
دمن,name,male
دمنا,name,male
دمنات,name,male
دمنه,name,male
دمنهوري,name,male
دمنيه,name,female
دمه,name,male
دمواك,name,male
دموس,name,male
دموش,name,male
دموع,name,male
دموك,name,male
دموكي,name,male
دمول,name,male
دمي,name,male
دمياتي,name,male
دمياطي,name,male
دميان,name,male
دميانه,name,female
دمياني,name,male
دميثان,name,male
دميثر,name,male
دميش,name,male
دميف,name,male
دميك,name,male
دميكي,name,male
دميم,name,male
دنا,name,male
دناره,name,female
دناننه,name,female
دنانه,name,female
دناوي,name,male
دنبان,name,male
دنبل,name,male
دنجان,name,male
دنجاني,name,male
دنجل,name,male
دنخا,name,male
دندا,name,male
دندن,name,male
دندنه,name,female
دنر,name,male
دنعان,name,male
دنف,name,male
دنفانه,name,female
دنقش,name,male
دنقلا,name,male
دنقي,name,male
دنكلي,name,male
دنما,name,male
دنمه,name,female
دنه,name,male
دنوان,name,male
دنور,name,male
دنوري,name,male
دنول,name,male
دنون,name,male
دني,name,male
دنيا,name,male
دنيات,name,male
دنيال,name,male
دنير,name,male
دنيش,name,male
دنيعان,name,male
دنيلي,name,male
دنين,name,male
دنيه,name,male
دها,name,male
دهاس,name,male
دهاشه,name,female
دهاق,name,male
دهاك,name,male
دهام,name,male
دهان,name,male
دهاني,name,male
دهاه,name,female
دهب,name,male
دهبان,name,male
دهبول,name,male
دهدوه,name,male
دهدي,name,male
دهروطي,name,male
دهش,name,male
دهشه,name,female
دهشون,name,male
دهل,name,male
دهلا,name,male
دهلان,name,male
دهلي,name,male
دهماس,name,male
دهمان,name,male
دهماني,name,male
دهمش,name,male
دهمشي,name,male
دهمه,name,female
دهموم,name,male
دهمون,name,male
دهموني,name,male
دهمي,name,male
دهن,name,male
دهنا,name,male
دهناوي,name,male
دهنش,name,male
دهنين,name,male
دهو,name,male
دهور,name,male
دهوس,name,male
دهول,name,male
دهوم,name,male
دهوني,name,male
دهوي,name,male
دهيان,name,male
دهيبه,name,female
دهيبي,name,male
دهيره,name,male
دهيس,name,male
دهيف,name,male
دهيفي,name,male
دهيلان,name,male
دهيليس,name,male
دهيم,name,male
دهيمان,name,male
دهيمه,name,male
دهيني,name,male
دهيه,name,male
دواءود,name,male
دواج,name,male
دواجي,name,male
دواح,name,male
دواحم,name,male
دواحي,name,male
دواد,name,male
دوادمي,name,male
دوار,name,male
دوارد,name,male
دوارس,name,male
دواره,name,female
دواريه,name,female
دواس,name,male
دواشه,name,female
دواف,name,male
دواليب,name,male
دواليبي,name,male
دوامه,name,female
دوانه,name,female
دواه,name,male
دواهم,name,male
دوايد,name,male
دوايري,name,male
دوبا,name,male
دوباره,name,female
دوباني,name,male
دوبريه,name,male
دوبلان,name,male
دوبين,name,male
دوج,name,male
دوجان,name,male
دوجر,name,male
دوجل,name,male
دوجلاس,name,male
دوحو,name,male
دوحيه,name,male
دوخان,name,male
دوخانه,name,female
دود,name,male
دوداني,name,male
دودك,name,male
دوده,name,male
دودون,name,male
دوديك,name,male
دوديه,name,male
دورا,name,male
دوراليس,name,male
دوربين,name,male
دورج,name,male
دوردي,name,male
دوركا,name,male
دوره,name,female
دوروتي,name,male
دوروتيا,name,male
دوروتيي,name,male
دوروثيا,name,male
دوري,name,male
دوزه,name,female
دوس,name,male
دوسلي,name,male
دوسي,name,male
دوسين,name,male
دوش,name,male
دوشش,name,male
دوشه,name,female
دوشي,name,male
دوشيش,name,male
دوعي,name,male
دوف,name,male
دوفان,name,male
دوفن,name,male
دوفه,name,female
دوق,name,male
دوقماز,name,male
دوكم,name,male
دوكه,name,female
دوكوك,name,male
دوكي,name,male
دوكير,name,male
دولاء,name,female
دولات,name,male
دولان,name,male
دولت,name,male
دولج,name,male
دوله,name,female
دولوريس,name,male
دوليت,name,male
دوم,name,male
دومان,name,male
دومت,name,male
دومر,name,male
دومنيك,name,male
دومه,name,female
دومينيك,name,male
دوميه,name,male
دون,name,male
دونه,name,female
دونو,name,male
دوني,name,male
دونيا,name,male
دونيك,name,male
دونيه,name,female
دوه,name,male
دوهوم,name,male
دووم,name,male
دويا,name,male
دويب,name,male
دويجه,name,female
دويحس,name,male
دويحل,name,male
دويد,name,male
دويدا,name,male
دويداء,name,female
دويدار,name,male
دويرم,name,male
دويره,name,male
دويري,name,male
دويس,name,male
دويسان,name,male
دويسه,name,female
دويش,name,male
دويشه,name,female
دويعر,name,male
دويعي,name,male
دويك,name,male
دويكان,name,male
دويكي,name,male
دويلان,name,male
دويمان,name,male
دويمه,name,female
دوين,name,male
دويهشي,name,male
دويهي,name,male
ديا,name,male
دياب,name,male
ديابا,name,male
دياتي,name,male
دياح,name,male
ديار,name,male
ديارا,name,male
دياره,name,female
دياز,name,male
دياسطي,name,male
دياش,name,male
دياص,name,male
دياق,name,male
ديالي,name,male
ديامه,name,female
ديان,name,male
ديانت,name,male
ديانه,name,female
دياني,name,male
ديانيت,name,male
ديب,name,male
ديباج,name,male
ديبان,name,male
ديباوي,name,male
ديبر,name,male
ديبري,name,male
ديبه,name,female
ديتاه,name,male
ديثان,name,male
ديج,name,male
ديجان,name,male
ديجه,name,male
ديدمونه,name,female
ديدو,name,male
ديدي,name,male
ديرا,name,male
ديرانيه,name,female
ديربي,name,male
ديرلي,name,male
ديرني,name,male
ديروم,name,male
ديري,name,male
ديزه,name,male
ديزيريه,name,female
ديساي,name,male
ديسطي,name,male
ديسي,name,male
ديشان,name,male
ديف,name,male
ديفان,name,male
ديفاني,name,male
ديفد,name,male
ديفني,name,male
ديفي,name,male
ديفيدا,name,male
ديق,name,male
ديقان,name,male
ديقر,name,male
ديقه,name,male
ديك,name,male
ديكس,name,male
ديكستر,name,male
ديكي,name,male
ديل,name,male
ديلا,name,male
ديلامي,name,male
ديلمار,name,male
ديلمي,name,male
ديلن,name,male
ديلني,name,male
ديله,name,male
ديليا,name,male
ديم,name,male
ديماس,name,male
ديمتري,name,male
ديمتريو,name,male
ديمتريوس,name,male
ديمثر,name,male
ديمج,name,male
ديمجي,name,male
ديمر,name,male
ديمري,name,male
ديمس,name,male
ديمه,name,female
ديموس,name,male
ديموني,name,male
ديمي,name,male
دين,name,male
دينا,name,female
دينات,name,male
دينار,name,male
ديناره,name,female
ديناري,name,male
دينس,name,male
دينمان,name,male
دينه,name,male
ديني,name,male
دينيه,name,female
ديه,name,female
ديهم,name,male
ديهي,name,male
ديوار,name,male
ديوان,name,male
ديوانه,name,male
ديواني,name,male
ديودار,name,male
ديوكي,name,male
ديوي,name,male
دييس,name,male
داجية,name,female
دارية,name,female
دالة,name,female
دام السرور,name,female
دام العز,name,female
دام الهناء,name,female
دائية,name,female
دجوى,name,female
دعجاء,name,female
دمية,name,female
دنانير,name,female
دهماء,name,female
دهياء,name,female
دوحة,name,female
