ذائد,name,male
ذابل,name,male
ذات,name,male
ذاد,name,male
ذارق,name,male
ذاريان,name,male
ذاعل,name,male
ذاكر,name,male
ذاكره,name,female
ذامل,name,male
ذاهب,name,male
ذاهيه,name,female
ذايل,name,male
ذباء,name,female
ذبادي,name,male
ذبانه,name,male
ذباوي,name,male
ذبحه,name,male
ذبله,name,female
ذبن,name,male
ذبون,name,male
ذبيان,name,male
ذبيح,name,male
ذبير,name,male
ذخاري,name,male
ذخر,name,male
ذخير,name,male
ذراد,name,male
ذراع,name,male
ذراعو,name,male
ذرام,name,male
ذرب,name,male
ذرد,name,male
ذرعان,name,male
ذرعاوي,name,male
ذرنك,name,male
ذروه,name,female
ذري,name,male
ذريان,name,male
ذريب,name,male
ذريد,name,male
ذريع,name,male
ذريه,name,female
ذريوه,name,female
ذعار,name,male
ذعان,name,male
ذعبي,name,male
ذعذاع,name,male
ذعر,name,male
ذعون,name,male
ذعيمه,name,male
ذغمان,name,male
ذغوم,name,male
ذغيبي,name,male
ذغيمان,name,male
ذفار,name,male
ذفتان,name,male
ذكاء,name,female
ذكائي,name,male
ذكاري,name,male
ذكاوي,name,male
ذكر,name,male
ذكرا,name,male
ذكراوي,name,male
ذكرت,name,male
ذكري,name,female
ذكرياء,name,female
ذكريات,name,male
ذكور,name,male
ذكي,name,male
ذكيه,name,female
ذلعب,name,male
ذلوج,name,male
ذلي,name,male
ذليله,name,male
ذما,name,male
ذمام,name,male
ذماي,name,male
ذمر,name,male
ذمرده,name,female
ذمرين,name,male
ذمي,name,male
ذميم,name,male
ذميه,name,male
ذنان,name,male
ذنوره,name,female
ذنون,name,male
ذهابه,name,male
ذهب,name,male
ذهبي,name,male
ذهبيه,name,female
ذهدان,name,male
ذهري,name,male
ذهضه,name,female
ذهف,name,male
ذهني,name,male
ذهنيه,name,female
ذهوه,name,female
ذهي,name,male
ذهيبان,name,male
ذهيبه,name,female
ذهير,name,male
ذهيل,name,male
ذهين,name,male
ذهيه,name,female
ذوات,name,male
ذوادي,name,male
ذوايه,name,female
ذوبي,name,male
ذوق,name,male
ذوقات,name,male
ذوقيه,name,female
ذوكار,name,male
ذويب,name,male
ذوينه,name,female
ذويوي,name,male
ذياب,name,male
ذيابان,name,male
ذيابو,name,male
ذيابيه,name,female
ذياع,name,male
ذياله,name,female
ذيانه,name,female
ذيب,name,male
ذيبا,name,male
ذيبان,name,male
ذيبه,name,female
ذيخان,name,male
ذيلي,name,male
ذيمه,name,female
ذين,name,male
ذينا,name,male
ذينه,name,male
ذيون,name,male
ذاكية,name,female
ذمة,name,female
ذكوان,name,male
ذمار,name,male
ذو الفقار,name,male
