زائد,name,male
زائده,name,female
زائع,name,male
زابري,name,male
زابيدان,name,male
زاجي,name,male
زاخر,name,male
زاخره,name,female
زاخه,name,male
زاخير,name,male
زادا,name,male
زاده,name,female
زار,name,male
زارا,name,male
زارع,name,male
زارق,name,male
زاره,name,female
زاري,name,male
زارين,name,male
زازا,name,male
زازي,name,male
زافت,name,male
زاكر,name,male
زاكي,name,male
زاكيه,name,female
زال,name,male
زالقه,name,female
زام,name,male
زامكه,name,female
زامل,name,male
زانا,name,male
زانتي,name,male
زاندا,name,male
زانداره,name,male
زاهد,name,male
زاهده,name,female
زاهر,name,male
زاهل,name,male
زاهي,name,male
زاهيه,name,female
زاود,name,male
زاوي,name,male
زاويه,name,female
زايد,name,male
زايده,name,female
زايدي,name,male
زاير,name,male
زايره,name,female
زايه,name,male
زايون,name,male
زاييد,name,male
زباده,name,female
زبادي,name,male
زباله,name,female
زبد,name,male
زبعي,name,male
زبله,name,female
زبيد,name,male
زبيده,name,female
زبيدي,name,male
زبير,name,male
زجا,name,male
زجاري,name,male
زجلي,name,male
زحاف,name,male
زحم,name,male
زحيفه,name,female
زخا,name,male
زخاراي,name,male
زخاري,name,male
زخامه,name,female
زراح,name,male
زراد,name,male
زراري,name,male
زراع,name,male
زراعه,name,female
زرايبي,name,male
زرايبيه,name,female
زرايجي,name,male
زرايري,name,male
زرايعي,name,male
زرايقه,name,female
زرباوي,name,male
زربق,name,male
زربيان,name,male
زربيه,name,female
زرجان,name,male
زرد,name,male
زردقي,name,male
زرده,name,male
زردوب,name,male
زردوق,name,male
زرره,name,male
زرزار,name,male
زرزري,name,male
زرزور,name,male
زرع,name,male
زرعه,name,female
زرعونا,name,male
زرعوني,name,male
زرعي,name,male
زرف,name,male
زرفه,name,female
زرقاني,name,male
زركات,name,male
زركان,name,male
زركه,name,female
زركيا,name,male
زرلي,name,male
زرما,name,male
زرماني,name,male
زرنكار,name,male
زرهوني,name,male
زرو,name,male
زروال,name,male
زرودي,name,male
زروق,name,male
زروقه,name,female
زروقي,name,male
زروي,name,male
زري,name,male
زريبي,name,male
زريجي,name,male
زريحان,name,male
زريطان,name,male
زريعي,name,male
زريعيه,name,female
زريفه,name,female
زريق,name,male
زريقان,name,male
زريقه,name,female
زريقي,name,male
زريك,name,male
زريم,name,male
زريني,name,male
زشا,name,male
زطا,name,male
زطاطا,name,male
زطوط,name,male
زعابه,name,female
زعاره,name,female
زعاق,name,male
زعال,name,male
زعامي,name,male
زعاني,name,male
زعانيف,name,male
زعانين,name,male
زعايمي,name,male
زعبل,name,male
زعبلاوي,name,male
زعبي,name,male
زعت,name,male
زعتان,name,male
زعتر,name,male
زعتري,name,male
زعتيه,name,female
زعجلاوي,name,male
زعجه,name,female
زعده,name,female
زعدون,name,male
زعر,name,male
زعراوي,name,male
زعره,name,female
زعرور,name,male
زعرون,name,male
زعري,name,male
زعريه,name,female
زعزع,name,male
زعزوع,name,male
زعطان,name,male
زعف,name,male
زعفان,name,male
زعفران,name,male
زعفرانه,name,female
زعفراني,name,male
زعقون,name,male
زعل,name,male
زعلان,name,male
زعلانه,name,female
زعله,name,female
زعلوك,name,male
زعلون,name,male
زعلوني,name,male
زعليه,name,female
زعنان,name,male
زعنوف,name,male
زعنون,name,male
زعني,name,male
زعواق,name,male
زعوتي,name,male
زعوط,name,male
زعول,name,male
زعيب,name,male
زعيبات,name,male
زعيبر,name,male
زعيت,name,male
زعيتر,name,male
زعيدات,name,male
زعير,name,male
زعيرون,name,male
زعيط,name,male
زعيم,name,male
زعيمه,name,female
زعيمي,name,male
زعين,name,male
زغار,name,male
زغاره,name,female
زغال,name,male
زغاليل,name,male
زغايد,name,male
زغده,name,female
زغرو,name,male
زغل,name,male
زغله,name,female
زغلول,name,male
زغيب,name,male
زفرفر,name,male
زفير,name,male
زقا,name,male
زقالي,name,male
زقطه,name,female
زقيحان,name,male
زكا,name,male
زكاء,name,female
زكار,name,male
زكاري,name,male
زكاريان,name,male
زكاني,name,male
زكاوي,name,male
زكراوي,name,male
زكري,name,male
زكريا,name,male
زكرياء,name,female
زكريات,name,male
زكريه,name,female
زكف,name,male
زكو,name,male
زكوا,name,male
زكواه,name,male
زكور,name,male
زكوري,name,male
زكوط,name,male
زكوكوت,name,male
زكوني,name,male
زكي,name,male
زكيت,name,male
زكير,name,male
زكيران,name,male
زكيمي,name,male
زكيه,name,female
زكيو,name,male
زلاء,name,female
زلاط,name,male
زلامي,name,male
زلتانه,name,male
زلخه,name,female
زلزله,name,female
زلط,name,male
زلف,name,male
زلفاوي,name,male
زلفه,name,female
زلفي,name,male
زلقاني,name,male
زلل,name,male
زللي,name,male
زلهان,name,male
زلوبي,name,male
زلوج,name,male
زلوخ,name,male
زلور,name,male
زلوز,name,male
زلوم,name,male
زليب,name,male
زليخه,name,female
زليزي,name,male
زليط,name,male
زليف,name,male
زليفه,name,female
زليقه,name,female
زليله,name,female
زليم,name,male
زليما,name,male
زليمت,name,male
زمار,name,male
زمالك,name,male
زمالي,name,male
زمام,name,male
زمامه,name,female
زماميري,name,male
زماميه,name,female
زمان,name,male
زمانه,name,female
زماني,name,male
زماوي,name,male
زمايكه,name,female
زمجان,name,male
زمران,name,male
زمراني,name,male
زمراوي,name,male
زمرده,name,female
زمزام,name,male
زمزم,name,male
زمزمي,name,male
زمطه,name,female
زمعي,name,male
زمك,name,male
زمكي,name,male
زمل,name,male
زمله,name,female
زمنان,name,male
زمني,name,male
زمنيه,name,female
زمهان,name,male
زمهرير,name,male
زمهور,name,male
زموج,name,male
زمور,name,male
زموري,name,male
زموزم,name,male
زموك,name,male
زمولي,name,male
زمون,name,male
زموني,name,male
زميا,name,male
زميد,name,male
زمير,name,male
زميزيم,name,male
زميط,name,male
زميع,name,male
زميلان,name,male
زميله,name,female
زميه,name,female
زنا,name,male
زناتي,name,male
زناد,name,male
زناده,name,female
زنادي,name,male
زنانيري,name,male
زنايتي,name,male
زنايدي,name,male
زنبركيجي,name,male
زنبقي,name,male
زنبل,name,male
زنبول,name,male
زنتور,name,male
زنجير,name,male
زند,name,male
زندا,name,male
زنداقي,name,male
زنداوي,name,male
زنر,name,male
زنقاوي,name,male
زنقوي,name,male
زنكار,name,male
زنكنه,name,female
زنكي,name,male
زنمه,name,female
زنن,name,male
زنه,name,male
زنو,name,male
زنوب,name,male
زنوبه,name,male
زنوحي,name,male
زنوده,name,female
زنوره,name,female
زنوري,name,male
زنيبات,name,male
زنيبر,name,male
زنيبه,name,female
زنير,name,male
زنيفي,name,male
زنيقه,name,female
زنيك,name,male
زنيمه,name,female
زها,name,male
زهاء,name,female
زهار,name,male
زهارنيه,name,female
زهالي,name,male
زهداء,name,female
زهداوي,name,male
زهدي,name,male
زهديه,name,female
زهر,name,male
زهراء,name,female
زهران,name,male
زهراني,name,male
زهراو,name,male
زهراوي,name,male
زهرتي,name,male
زهره,name,female
زهرو,name,male
زهرون,name,male
زهري,name,male
زهريا,name,male
زهريه,name,female
زهفان,name,male
زهل,name,male
زهلوله,name,female
زهماني,name,male
زهنه,name,female
زهه,name,male
زهو,name,male
زهوان,name,male
زهور,name,male
زهون,name,male
زهوه,name,female
زهيان,name,male
زهيد,name,male
زهيده,name,female
زهير,name,male
زهيرا,name,male
زهيره,name,female
زهيري,name,male
زهيريه,name,female
زهيف,name,male
زهيل,name,male
زهيم,name,male
زهين,name,male
زهيه,name,female
زوا,name,male
زواح,name,male
زواعه,name,male
زواق,name,male
زواقي,name,male
زوالي,name,male
زوام,name,male
زوان,name,male
زوانات,name,male
زوانيه,name,female
زواوه,name,female
زواوي,name,male
زوايته,name,female
زوايد,name,male
زواينه,name,female
زوايه,name,female
زوبا,name,male
زوبر,name,male
زوبع,name,male
زوبعي,name,male
زوبه,name,female
زوبي,name,male
زوبيه,name,female
زوجان,name,male
زوجر,name,male
زوجيه,name,female
زود,name,male
زوده,name,female
زورا,name,male
زوران,name,male
زورزور,name,male
زوره,name,female
زوري,name,male
زوريج,name,male
زوريح,name,male
زوزك,name,male
زوزو,name,male
زوزي,name,male
زوعيب,name,male
زوغي,name,male
زوفان,name,male
زوفي,name,male
زوفين,name,male
زوقان,name,male
زوقت,name,male
زوقه,name,female
زوقي,name,male
زوكاني,name,male
زوكه,name,male
زول,name,male
زولف,name,male
زولو,name,male
زوما,name,male
زوماح,name,male
زومل,name,male
زوميل,name,male
زوهار,name,male
زوهر,name,male
زوهره,name,male
زويب,name,male
زويبان,name,male
زويبه,name,female
زويبي,name,male
زويتن,name,male
زويتنه,name,female
زويج,name,male
زويخ,name,male
زويد,name,male
زويدان,name,male
زويدني,name,male
زويده,name,female
زوير,name,male
زويش,name,male
زويط,name,male
زويف,name,male
زويق,name,male
زويل,name,male
زويله,name,female
زوين,name,male
زوينه,name,female
زويني,name,male
زويه,name,male
زويهدي,name,male
زويهر,name,male
زيات,name,male
زياتي,name,male
زياح,name,male
زياد,name,male
زيادن,name,male
زيادنه,name,male
زياده,name,female
زيادي,name,male
زياره,name,female
زياري,name,male
زياغ,name,male
زيالي,name,male
زيان,name,male
زيانا,name,male
زيانه,name,female
زياني,name,male
زيبا,name,male
زيبه,name,male
زيبون,name,male
زيبي,name,male
زيتا,name,male
زيتان,name,male
زيتون,name,male
زيتونه,name,female
زيتوني,name,male
زيجا,name,male
زيجمون,name,male
زيخان,name,male
زيد,name,male
زيدان,name,male
زيداني,name,male
زيداه,name,male
زيدو,name,male
زيدوني,name,male
زيدي,name,male
زير,name,male
زيرا,name,male
زيراح,name,male
زيرك,name,male
زيري,name,male
زيزت,name,male
زيزفون,name,male
زيزلي,name,male
زيزي,name,male
زيزيت,name,male
زيزيه,name,female
زيط,name,male
زيطان,name,male
زيع,name,male
زيعان,name,male
زيغم,name,male
زيفين,name,male
زيفيه,name,male
زيكار,name,male
زيكوك,name,male
زيكي,name,male
زيل,name,male
زيلا,name,male
زيلاوي,name,male
زيلب,name,male
زيلع,name,male
زيلعي,name,male
زيلعيه,name,female
زيلفي,name,male
زيلمي,name,male
زيله,name,female
زيمور,name,male
زيمون,name,male
زيموني,name,male
زيمي,name,male
زين,name,female
زينا,name,male
زينات,name,male
زينان,name,male
زيناوي,name,male
زينب,name,female
زينبه,name,female
زينبي,name,male
زينل,name,male
زينن,name,male
زينه,name,female
زينهم,name,male
زينو,name,male
زينوا,name,male
زينون,name,male
زيني,name,male
زينيد,name,male
زيهب,name,male
زيهيف,name,male
زيو,name,male
زيوار,name,male
زيور,name,male
زيوف,name,male
زيون,name,male
زيونه,name,female
زيي,name,male
زاهرة,name,female
زبرجد,name,female
زُمرد,name,female
زنبقة,name,female
زاد,name,male
زُفَر,name,male
