شادي,name
شيماء,name
شهد,name
شريف,name
شيرين,name
شهاب,name
شوق,name
شروق,name
شكري,name
شفيق,name
شفيقه,name
شمسة,name
شربل,name
شعبان,name
شام,name
شمبانزي,animal
شبل,animal
شاة,animal
شتر,animal
شحرور,animal
شبوت,animal
شجره,plant
شبت,plant
شمر,plant
شاي,plant
شمام,plant
شوك,plant
شيح,plant
شعير,plant
شمندر,plant
شلغم,plant
شباك,object
شاحنه,object
شراع,object
شعار,object
شمع,object
شاحن,object
شاشه,object
شنطه,object
شقه,object
شرفه,object
شماغ,object
شال,object
شريط,object
شوايه,object
شيفون,object
