صائب,name,male
صائبه,name,female
صائغ,name,male
صائغي,name,male
صائم,name,male
صائمه,name,female
صاب,name,male
صابان,name,male
صابح,name,male
صابحه,name,female
صابر,name,male
صابره,name,female
صابرين,name,male
صابط,name,male
صابغ,name,male
صابه,name,male
صابوره,name,female
صابون,name,male
صابونجي,name,male
صابوه,name,female
صابي,name,male
صابين,name,male
صات,name,male
صاح,name,male
صاحب,name,male
صاحبه,name,female
صاحه,name,female
صاحي,name,male
صاحيه,name,female
صاد,name,male
صادئي,name,male
صادح,name,male
صادع,name,male
صادف,name,male
صادفي,name,male
صادفين,name,male
صادق,name,male
صادقه,name,female
صادم,name,male
صاده,name,male
صادوي,name,male
صادي,name,male
صارا,name,male
صارج,name,male
صارخ,name,male
صاره,name,female
صاروفيم,name,male
صاطع,name,male
صاعب,name,male
صاعري,name,male
صاغرجي,name,male
صاغرو,name,male
صاف,name,male
صافاء,name,female
صافح,name,male
صافوطي,name,male
صافي,name,male
صافيل,name,male
صافين,name,male
صافينا,name,male
صافيه,name,female
صاقب,name,male
صاقيه,name,female
صال,name,male
صالار,name,male
صالح,name,male
صالحان,name,male
صالحه,name,female
صالحي,name,male
صالحين,name,male
صالدي,name,male
صاماع,name,male
صامت,name,male
صامتي,name,male
صامد,name,male
صامدي,name,male
صامر,name,male
صامطي,name,male
صامل,name,male
صامه,name,male
صامو,name,male
صامود,name,male
صامولي,name,male
صامي,name,male
صان,name,male
صانع,name,male
صانم,name,male
صاهد,name,male
صاهل,name,male
صاهون,name,male
صاهيون,name,male
صاون,name,male
صاويل,name,male
صايبه,name,male
صايحي,name,male
صايد,name,male
صايره,name,female
صايغ,name,male
صايل,name,male
صايم,name,male
صايني,name,male
صبا,name,male
صباء,name,female
صبات,name,male
صباح,name,male
صباحه,name,female
صباحي,name,male
صبار,name,male
صباره,name,female
صبارو,name,male
صباري,name,male
صباط,name,male
صباغ,name,male
صباغه,name,female
صباغي,name,male
صبان,name,male
صبانه,name,female
صباني,name,male
صباي,name,male
صبايح,name,male
صبايغه,name,female
صبجيه,name,female
صبح,name,male
صبحا,name,male
صبحاء,name,female
صبحاوي,name,male
صبحه,name,female
صبحوت,name,male
صبحي,name,male
صبحيه,name,female
صبخ,name,male
صبخي,name,male
صبر,name,male
صبرنا,name,male
صبرنه,name,female
صبره,name,female
صبري,name,male
صبرين,name,male
صبرينه,name,male
صبريه,name,female
صبط,name,male
صبعان,name,male
صبعه,name,female
صبعي,name,male
صبكان,name,male
صبنه,name,female
صبوبه,name,female
صبوح,name,male
صبوخ,name,male
صبور,name,male
صبوره,name,female
صبوري,name,male
صبوع,name,male
صبون,name,male
صبوني,name,male
صبيا,name,male
صبياء,name,female
صبيات,name,male
صبياح,name,male
صبيبه,name,female
صبيتي,name,male
صبيح,name,male
صبيحاني,name,male
صبيحه,name,female
صبيحي,name,male
صبيحيه,name,female
صبيخه,name,female
صبير,name,male
صبيري,name,male
صبيع,name,male
صبيعي,name,male
صجاء,name,female
صجار,name,male
صجر,name,male
صجور,name,male
صجير,name,male
صحابه,name,female
صحابو,name,male
صحاح,name,male
صحار,name,male
صحاري,name,male
صحافه,name,female
صحام,name,male
صحبان,name,male
صحباني,name,male
صحبه,name,female
صحبو,name,male
صحبي,name,male
صحر,name,male
صحراوي,name,male
صحراويان,name,male
صحروه,name,female
صحري,name,male
صحصاحه,name,female
صحفي,name,male
صحفيه,name,female
صحلي,name,male
صحن,name,male
صحنه,name,female
صحني,name,male
صحه,name,female
صحوان,name,male
صحوي,name,male
صحي,name,male
صحيان,name,male
صحيبه,name,female
صحيبي,name,male
صحيف,name,male
صحيفه,name,female
صحين,name,male
صحيه,name,female
صخر,name,male
صخراني,name,male
صخري,name,male
صخور,name,male
صخي,name,male
صخيف,name,male
صخيه,name,female
صداد,name,male
صداق,name,male
صداقه,name,female
صداقي,name,male
صدام,name,male
صدجان,name,male
صدر,name,male
صدران,name,male
صدري,name,male
صدفه,name,female
صدفو,name,male
صدفي,name,male
صدقات,name,male
صدقان,name,male
صدقاوي,name,male
صدقه,name,female
صدقي,name,male
صدمه,name,female
صدوح,name,male
صدور,name,male
صدوري,name,male
صدوف,name,male
صدوق,name,male
صدي,name,female
صديري,name,male
صديف,name,male
صديق,name,male
صديقه,name,female
صديقي,name,male
صديه,name,female
صراب,name,male
صرابو,name,male
صراج,name,male
صراحه,name,female
صراخ,name,male
صراخي,name,male
صراصره,name,female
صراط,name,male
صراف,name,male
صرافي,name,male
صرام,name,male
صرامون,name,male
صران,name,male
صرج,name,male
صردحي,name,male
صردوحه,name,female
صرصري,name,male
صرصور,name,male
صرفه,name,female
صرفي,name,male
صرفيه,name,female
صرمه,name,female
صروح,name,male
صروخ,name,male
صروم,name,male
صروي,name,male
صريا,name,male
صريخي,name,male
صريد,name,male
صريده,name,female
صريدون,name,male
صريمان,name,male
صريمه,name,female
صرين,name,male
صطوحي,name,male
صعاب,name,male
صعاوي,name,male
صعايده,name,female
صعب,name,male
صعبا,name,male
صعبك,name,male
صعبه,name,female
صعتر,name,male
صعده,name,female
صعره,name,female
صعرور,name,male
صعصع,name,male
صعلي,name,male
صعوان,name,male
صعور,name,male
صعيبان,name,male
صعيبه,name,female
صعيدي,name,male
صعيري,name,male
صعيف,name,male
صغران,name,male
صغره,name,female
صغرو,name,male
صغريه,name,female
صغور,name,male
صغير,name,male
صغيره,name,female
صغيري,name,male
صفا,name,male
صفاء,name,female
صفات,name,male
صفاتلي,name,male
صفاحي,name,male
صفاد,name,male
صفار,name,male
صفاره,name,female
صفاري,name,male
صفافي,name,male
صفاق,name,male
صفاقسي,name,male
صفال,name,male
صفايريه,name,female
صفحي,name,male
صفدا,name,male
صفدي,name,male
صفديه,name,female
صفر,name,male
صفراوه,name,female
صفراوي,name,male
صفرجي,name,male
صفرين,name,male
صفطه,name,female
صفطي,name,male
صفقيان,name,male
صفناوي,name,male
صفه,name,female
صفو,name,male
صفوات,name,male
صفوان,name,male
صفوت,name,male
صفوح,name,male
صفوحي,name,male
صفوعه,name,female
صفوق,name,male
صفوقي,name,male
صفوك,name,male
صفولي,name,male
صفون,name,male
صفوه,name,female
صفوي,name,male
صفوين,name,male
صفي,name,male
صفياني,name,male
صفياه,name,female
صفيدان,name,male
صفيران,name,male
صفيري,name,male
صفيفي,name,male
صفين,name,male
صفيناء,name,female
صفيه,name,female
صقار,name,male
صقال,name,male
صقبي,name,male
صقجي,name,male
صقر,name,male
صقرا,name,male
صقره,name,female
صقرون,name,male
صقري,name,male
صقريه,name,female
صقلاوي,name,male
صقلي,name,male
صقه,name,female
صقوري,name,male
صقول,name,male
صقيب,name,male
صقير,name,male
صقيعي,name,male
صقيه,name,female
صكا,name,male
صكاب,name,male
صكاك,name,male
صكبان,name,male
صكح,name,male
صكر,name,male
صكران,name,male
صكلي,name,male
صكوحي,name,male
صكور,name,male
صكير,name,male
صلاب,name,male
صلاته,name,female
صلاح,name,male
صلاحات,name,male
صلاحان,name,male
صلافه,name,female
صلاك,name,male
صلال,name,male
صلاله,name,female
صلامه,name,female
صلاه,name,female
صلاهي,name,male
صلاوه,name,female
صلبه,name,female
صلبي,name,male
صلجي,name,male
صلح,name,male
صلحات,name,male
صلحاني,name,male
صلحه,name,female
صلط,name,male
صلطان,name,male
صلعان,name,male
صلعم,name,male
صلغي,name,male
صلفه,name,female
صلقه,name,female
صله,name,female
صلهبه,name,female
صلهبي,name,male
صلهم,name,male
صلهوم,name,male
صلوات,name,male
صلواتي,name,male
صلوت,name,male
صلوجي,name,male
صلوح,name,male
صلوحه,name,female
صلوخه,name,female
صلوطه,name,female
صلوم,name,male
صلومه,name,female
صلوه,name,female
صلي,name,male
صليا,name,male
صليب,name,male
صليبا,name,male
صليبان,name,male
صليبي,name,male
صليت,name,male
صليتي,name,male
صليح,name,male
صليحان,name,male
صليحه,name,female
صليحي,name,male
صليط,name,male
صليع,name,male
صليعان,name,male
صليمه,name,female
صليني,name,male
صليه,name,female
صليهم,name,male
صليوه,name,female
صلييي,name,male
صما,name,male
صماخ,name,male
صماد,name,male
صماده,name,female
صمادي,name,male
صمار,name,male
صماره,name,male
صماني,name,male
صمايري,name,male
صمحين,name,male
صمد,name,male
صمداني,name,male
صمدي,name,male
صمديان,name,male
صمر,name,male
صمراني,name,male
صمره,name,female
صمطي,name,male
صمع,name,male
صمعلي,name,male
صمعه,name,female
صمكوئيل,name,male
صمل,name,male
صمه,name,female
صمهوت,name,male
صمهور,name,male
صمود,name,male
صموده,name,female
صمودي,name,male
صموط,name,male
صمويئل,name,male
صمويل,name,male
صميح,name,male
صميدع,name,male
صميع,name,male
صميعير,name,male
صميعين,name,male
صميم,name,male
صناد,name,male
صناديقي,name,male
صناري,name,male
صناطي,name,male
صناع,name,male
صناعه,name,female
صنبور,name,male
صنبوره,name,male
صنتي,name,male
صنتيان,name,male
صنجيه,name,female
صنحيان,name,male
صنخور,name,male
صنداوي,name,male
صندرا,name,male
صندقه,name,female
صندل,name,male
صندلي,name,male
صندوره,name,male
صندوقه,name,female
صندوك,name,male
صندي,name,male
صنديد,name,male
صنع,name,male
صنعا,name,male
صنعاء,name,female
صنعات,name,male
صنعان,name,male
صنعاوي,name,male
صنعه,name,female
صنعو,name,male
صنفار,name,male
صنفر,name,male
صنوان,name,male
صنوبر,name,male
صنون,name,male
صنويه,name,female
صنيبر,name,male
صنيبي,name,male
صنيت,name,male
صنيج,name,male
صنيداح,name,male
صنير,name,male
صنيف,name,male
صنيفر,name,male
صنيه,name,female
صهاب,name,male
صهابي,name,male
صهال,name,male
صهبا,name,male
صهباء,name,female
صهباني,name,male
صهر,name,male
صهود,name,male
صهي,name,female
صهيان,name,male
صهيب,name,male
صهيبه,name,female
صهيبون,name,male
صهيون,name,male
صواب,name,male
صوابي,name,male
صواد,name,male
صوار,name,male
صواف,name,male
صوافي,name,male
صوالح,name,male
صوالحه,name,female
صوالحيه,name,female
صوان,name,male
صوت,name,male
صودا,name,male
صودي,name,male
صوري,name,male
صوريل,name,male
صوصه,name,female
صوفان,name,male
صوفي,name,male
صوفيا,name,male
صوفيان,name,male
صوفيه,name,female
صوك,name,male
صولان,name,male
صولجي,name,male
صوله,name,male
صولوه,name,male
صولي,name,male
صومالي,name,male
صوني,name,male
صونيا,name,male
صوه,name,female
صويبح,name,male
صويبر,name,male
صويبي,name,male
صويد,name,male
صويدان,name,male
صويدر,name,male
صوير,name,male
صويري,name,male
صويعي,name,male
صويلح,name,male
صويوين,name,male
صياء,name,female
صياح,name,male
صياد,name,male
صياده,name,female
صيادي,name,male
صيتا,name,male
صيحفي,name,male
صيدره,name,male
صيده,name,female
صيف,name,male
صيفر,name,male
صيقل,name,male
صيمور,name,male
صينه,name,male
صاعدة,name,female
صبوة,name,female
صحوة,name,female
صادر,name,male
صائل,name,male
صداح,name,male
صيدح,name,male
صباح,name,female
صباحة,name,male
صبوح,name,female
صدوح,name,female
صدوف,name,female
صدوق,name,female
صراط,name,female
صفاء,name,male
صمود,name,female
