ضائف,name,male
ضائقه,name,female
ضائمه,name,female
ضابق,name,male
ضابيه,name,female
ضاح,name,male
ضاحه,name,female
ضاحي,name,male
ضاحيه,name,female
ضاخيه,name,female
ضارح,name,male
ضاضي,name,male
ضاعي,name,male
ضاف,name,male
ضافي,name,male
ضافيه,name,female
ضالون,name,male
ضالوني,name,male
ضالي,name,male
ضامن,name,male
ضامنه,name,female
ضاهر,name,male
ضاوي,name,male
ضاويه,name,female
ضايحي,name,male
ضايع,name,male
ضايف,name,male
ضايل,name,male
ضبائي,name,male
ضباط,name,male
ضباطي,name,male
ضباع,name,male
ضباغ,name,male
ضبايه,name,female
ضبجي,name,male
ضبعان,name,male
ضبعي,name,male
ضبه,name,female
ضبي,name,male
ضبياني,name,male
ضبيحي,name,male
ضبيعان,name,male
ضبيعه,name,female
ضجور,name,male
ضجي,name,male
ضحا,name,male
ضحاء,name,female
ضحاك,name,male
ضحوك,name,male
ضحيا,name,male
ضحياه,name,male
ضحيه,name,female
ضحيوه,name,female
ضحيوي,name,male
ضرابي,name,male
ضراح,name,male
ضرار,name,male
ضراس,name,male
ضراع,name,male
ضراغمه,name,female
ضراني,name,male
ضربت,name,male
ضرجاء,name,female
ضرحات,name,male
ضرر,name,male
ضرغام,name,male
ضرم,name,male
ضرملي,name,male
ضرمه,name,female
ضره,name,female
ضروبه,name,female
ضروحي,name,male
ضروس,name,male
ضري,name,male
ضرير,name,male
ضريوه,name,female
ضعاف,name,male
ضعان,name,male
ضعاني,name,male
ضعد,name,male
ضعيفان,name,male
ضعين,name,male
ضعينه,name,female
ضفاء,name,female
ضفار,name,male
ضفاف,name,male
ضفاوي,name,male
ضفتين,name,male
ضفر,name,male
ضفران,name,male
ضفرون,name,male
ضفري,name,male
ضفور,name,male
ضفوزي,name,male
ضفوزيه,name,female
ضفوه,name,female
ضفي,name,male
ضفيد,name,male
ضفيدع,name,male
ضلت,name,male
ضلع,name,male
ضلفي,name,male
ضلول,name,male
ضما,name,male
ضماء,name,female
ضماري,name,male
ضمام,name,male
ضماني,name,male
ضماوي,name,male
ضمد,name,male
ضمدي,name,male
ضمراني,name,male
ضمضمي,name,male
ضمضومي,name,male
ضمه,name,female
ضمير,name,male
ضميران,name,male
ضميره,name,female
ضمين,name,male
ضمينه,name,female
ضميه,name,female
ضنه,name,female
ضنيه,name,female
ضهيري,name,male
ضوء,name,male
ضواحي,name,male
ضواط,name,male
ضوجيه,name,female
ضوراني,name,male
ضومه,name,female
ضوي,name,male
ضويد,name,male
ضوير,name,male
ضويري,name,male
ضويعن,name,male
ضويعي,name,male
ضويمر,name,male
ضوين,name,male
ضويه,name,female
ضيا,name,male
ضياء,name,female
ضيائي,name,male
ضياش,name,male
ضياف,name,male
ضياوي,name,male
ضيبان,name,male
ضيدان,name,male
ضيعان,name,male
ضيعه,name,female
ضيف,name,male
ضيق,name,male
ضيقه,name,female
