طائع,name,male
طائله,name,female
طاب,name,male
طابع,name,male
طابعجي,name,male
طابقي,name,male
طابك,name,male
طابله,name,female
طابلي,name,male
طابه,name,male
طابونه,name,female
طابيه,name,female
طاح,name,male
طاحان,name,male
طاحن,name,male
طاحه,name,female
طاحو,name,male
طاحون,name,male
طاحونه,name,female
طاحونيه,name,female
طار,name,male
طارء,name,male
طارئي,name,male
طارس,name,male
طارش,name,male
طارشي,name,male
طارق,name,male
طارقي,name,male
طارك,name,male
طاروب,name,male
طاروسه,name,female
طاري,name,male
طاسا,name,male
طاسه,name,female
طاسو,name,male
طاسي,name,male
طاسيه,name,female
طاش,name,male
طاشجيان,name,male
طاشكندي,name,male
طاشهندي,name,male
طاشي,name,male
طاشيه,name,female
طاطم,name,male
طاطه,name,female
طاعل,name,male
طاغر,name,male
طاغوت,name,male
طافح,name,male
طافوري,name,male
طافي,name,male
طاق,name,male
طاقا,name,male
طاكه,name,male
طالب,name,male
طالبه,name,female
طالبي,name,male
طالعي,name,male
طالف,name,male
طالم,name,male
طالمه,name,female
طالمي,name,male
طامس,name,male
طامل,name,male
طامن,name,male
طامو,name,male
طاموس,name,male
طامي,name,male
طاميه,name,male
طان,name,male
طانا,name,male
طانون,name,male
طانيوس,name,male
طاهر,name,male
طاهره,name,female
طاهرو,name,male
طاهري,name,male
طاهش,name,male
طاهير,name,male
طاوس,name,male
طاووس,name,male
طاووسي,name,male
طايش,name,male
طايع,name,male
طايفه,name,female
طايل,name,male
طايله,name,female
طايي,name,male
طبابه,name,female
طباري,name,male
طبازه,name,female
طباطبائي,name,male
طباع,name,male
طباق,name,male
طباله,name,female
طبالي,name,male
طبان,name,male
طبانه,name,female
طباني,name,male
طبايع,name,male
طبب,name,male
طبر,name,male
طبراني,name,male
طبره,name,female
طبري,name,male
طبشي,name,male
طبطاوي,name,male
طبطب,name,male
طبطباوي,name,male
طبعا,name,male
طبعان,name,male
طبقا,name,male
طبقه,name,female
طبه,name,female
طبوبي,name,male
طبوره,name,female
طبوزاده,name,female
طبوعي,name,male
طبول,name,male
طبوله,name,female
طبولي,name,male
طبون,name,male
طبونه,name,female
طبيان,name,male
طبيب,name,male
طبيبي,name,male
طبيعات,name,male
طبيعه,name,female
طبين,name,male
طثليف,name,male
طجمان,name,male
طحان,name,male
طحاينه,name,female
طحرور,name,male
طحطح,name,male
طحلب,name,male
طحمر,name,male
طحون,name,male
طحيح,name,male
طحيمر,name,male
طخاخ,name,male
طخان,name,male
طخي,name,male
طرابزوني,name,male
طرابلس,name,male
طرابلسي,name,male
طرابه,name,female
طرابيشي,name,male
طرابيه,name,female
طراحي,name,male
طراد,name,male
طرادات,name,male
طرادي,name,male
طراري,name,male
طرازي,name,male
طراف,name,male
طراقه,name,female
طرب,name,male
طربال,name,male
طربان,name,male
طربس,name,male
طربلسي,name,male
طربوش,name,male
طربوشي,name,male
طربيه,name,female
طرحو,name,male
طرخان,name,male
طرخاني,name,male
طرخونه,name,female
طرخيم,name,male
طرده,name,female
طردي,name,male
طرس,name,male
طرسي,name,male
طرش,name,male
طرشا,name,male
طرشجي,name,male
طرطور,name,male
طرف,name,male
طرفا,name,male
طرفانه,name,female
طرفاوي,name,male
طرفه,name,female
طرفوي,name,male
طرقجي,name,male
طرقه,name,female
طركل,name,male
طرمني,name,male
طرموس,name,male
طرمي,name,male
طرن,name,male
طرهوني,name,male
طروب,name,male
طرود,name,male
طرودو,name,male
طروش,name,male
طروق,name,male
طروي,name,male
طريبش,name,male
طريبشي,name,male
طريبي,name,male
طريح,name,male
طريحان,name,male
طريخم,name,male
طريشي,name,male
طريف,name,male
طريفه,name,female
طريقاني,name,male
طريقي,name,male
طريله,name,female
طريم,name,male
طريني,name,male
طسن,name,male
طسيل,name,male
طشعير,name,male
طشكندي,name,male
طشيت,name,male
ططار,name,male
ططاري,name,male
ططاوي,name,male
ططه,name,male
طعام,name,male
طعامنه,name,female
طعانه,name,female
طعاوي,name,male
طعبي,name,male
طعمه,name,female
طعوم,name,male
طعيمه,name,female
طعيه,name,female
طفار,name,male
طفاري,name,male
طفاف,name,male
طفان,name,male
طفري,name,male
طفله,name,female
طفلي,name,male
طفه,name,female
طفور,name,male
طفي,name,male
طفير,name,male
طفيس,name,male
طفيل,name,male
طقطق,name,male
طقم,name,male
طقه,name,male
طكي,name,male
طكيه,name,female
طلا,name,male
طلائع,name,male
طلاب,name,male
طلابي,name,male
طلات,name,male
طلاع,name,male
طلاق,name,male
طلاقي,name,male
طلال,name,male
طلاني,name,male
طلاه,name,female
طلاي,name,male
طلايع,name,male
طلب,name,male
طلبانه,name,female
طلبه,name,female
طلبونه,name,female
طلحاوي,name,male
طلحه,name,male
طلحيان,name,male
طلخا,name,male
طلخان,name,male
طلخه,name,female
طلس,name,male
طلعت,name,male
طلعجي,name,male
طلعه,name,female
طلعي,name,male
طلفاح,name,male
طلفي,name,male
طلق,name,male
طلقا,name,male
طلقت,name,male
طلقي,name,male
طلمي,name,male
طلوا,name,male
طلوقه,name,female
طلوم,name,male
طليبان,name,male
طليبه,name,female
طليبي,name,male
طليحان,name,male
طليع,name,male
طليعه,name,female
طليف,name,male
طليفه,name,female
طليق,name,male
طليقه,name,female
طليل,name,male
طليمان,name,male
طما,name,male
طماحه,name,female
طماعه,name,female
طماق,name,male
طمام,name,male
طمبورجي,name,male
طمبوره,name,female
طمر,name,male
طمرق,name,male
طمريه,name,female
طمسان,name,male
طمطوم,name,male
طمع,name,male
طملاوي,name,male
طمه,name,male
طموح,name,male
طموس,name,male
طموش,name,male
طموع,name,male
طموم,name,male
طميح,name,male
طمير,name,male
طميشه,name,female
طميعه,name,female
طميعي,name,male
طميم,name,male
طميني,name,male
طناب,name,male
طناحي,name,male
طناز,name,male
طنانه,name,female
طنانو,name,male
طنايب,name,male
طنبر,name,male
طنبه,name,female
طنبوه,name,female
طنجاوي,name,male
طنجره,name,female
طنجواني,name,male
طنجي,name,male
طنجيه,name,female
طنحان,name,male
طنس,name,male
طنط,name,male
طنطا,name,male
طنطانه,name,female
طنطاوي,name,male
طنطوي,name,male
طنفه,name,female
طنق,name,male
طنه,name,female
طنوز,name,male
طنوس,name,male
طني,name,male
طنيسه,name,female
طنيشه,name,male
طنيطن,name,male
طنيف,name,male
طنيفه,name,female
طنيوس,name,male
طهاوي,name,male
طهث,name,male
طهراوي,name,male
طهري,name,male
طهس,name,male
طهطاوي,name,male
طهلاوي,name,male
طهماوي,name,male
طهور,name,male
طهوي,name,male
طهيره,name,female
طهيق,name,male
طهيل,name,male
طوابي,name,male
طوابيه,name,female
طواجني,name,male
طواحين,name,male
طوارف,name,male
طواس,name,male
طواسي,name,male
طواف,name,male
طوالي,name,male
طوايليه,name,female
طوبا,name,male
طوبار,name,male
طوبال,name,male
طوبجو,name,male
طوبيل,name,male
طوحي,name,male
طوخي,name,male
طوري,name,male
طوزلك,name,male
طوزلو,name,male
طوزه,name,male
طوزي,name,male
طوسا,name,male
طوسان,name,male
طوسون,name,male
طوعاء,name,female
طوعه,name,female
طوفان,name,male
طوفاني,name,male
طوق,name,male
طوقان,name,male
طوقه,name,female
طوكي,name,male
طول,name,male
طولان,name,male
طوله,name,female
طوليسي,name,male
طولين,name,male
طومسون,name,male
طومي,name,male
طونسي,name,male
طونه,name,male
طوني,name,male
طونيا,name,male
طونيوس,name,male
طوه,name,male
طويان,name,male
طويبا,name,male
طويجي,name,male
طويح,name,male
طويحي,name,male
طويخم,name,male
طويد,name,male
طوير,name,male
طويرد,name,male
طويرشي,name,male
طويس,name,male
طويسه,name,female
طويسي,name,male
طويطن,name,male
طويقات,name,male
طويل,name,male
طويلان,name,male
طويلب,name,male
طويله,name,female
طويمري,name,male
طويهي,name,male
طيابي,name,male
طياخي,name,male
طيار,name,male
طياران,name,male
طياع,name,male
طياف,name,male
طيالاتي,name,male
طيب,name,male
طيبه,name,female
طيبي,name,male
طيتان,name,male
طيح,name,male
طيحه,name,female
طيخان,name,male
طير,name,male
طيراوي,name,male
طيره,name,female
طيعه,name,female
طيعي,name,male
طيف,name,male
طيفان,name,male
طيفور,name,male
طيليه,name,female
طيمه,name,female
طيمو,name,male
طيونه,name,female
طائعة,name,female
طرائف,name,female
طلاوة,name,female
طلة,name,female
طلي,name,female
طيوب,name,female
طيوف,name,female
طارف,name,male
طاهر والطاهر,name,male
طائف,name,male
طائل,name,male
طعان,name,male
طيب والطيب,name,male
