ظاجي,name,male
ظاري,name,male
ظاظا,name,male
ظاظه,name,female
ظاظي,name,male
ظاف,name,male
ظافر,name,male
ظافيه,name,female
ظالع,name,male
ظالفه,name,female
ظامله,name,female
ظامي,name,male
ظاهر,name,male
ظاهره,name,female
ظاويه,name,female
ظاين,name,male
ظباء,name,male
ظبايا,name,male
ظبي,name,male
ظبيت,name,male
ظبيط,name,male
ظبيع,name,male
ظبيه,name,female
ظحنون,name,male
ظحيه,name,female
ظخير,name,male
ظرفات,name,male
ظرفه,name,female
ظرقي,name,female
ظروه,name,female
ظريب,name,male
ظريف,name,male
ظريفه,name,female
ظريفي,name,male
ظعفر,name,male
ظعفري,name,male
ظعلي,name,male
ظعيان,name,male
ظعين,name,male
ظفر,name,male
ظفري,name,male
ظفريات,name,male
ظفوري,name,male
ظفي,name,male
ظفير,name,male
ظفيره,name,female
ظفيفه,name,female
ظلعان,name,male
ظليع,name,male
ظليل,name,male
ظليمي,name,male
ظمد,name,male
ظميا,name,male
ظمياء,name,female
ظميان,name,male
ظميدي,name,male
ظميه,name,female
ظنه,name,female
ظني,name,male
ظنيقه,name,female
ظنينه,name,female
ظنيه,name,female
ظهر,name,male
ظهرات,name,male
ظهريه,name,female
ظهور,name,male
ظهوريه,name,female
ظهير,name,male
ظهيرات,name,male
ظهيره,name,female
ظواهري,name,male
ظوه,name,female
ظويان,name,male
ظويعن,name,male
ظويف,name,male
ظويهري,name,male
