غائب,name,male
غائم,name,male
غابث,name,male
غابد,name,male
غابر,name,male
غابري,name,male
غابش,name,male
غاث,name,male
غاثوي,name,male
غاثي,name,male
غاجر,name,male
غادا,name,male
غادره,name,female
غادري,name,male
غادف,name,male
غادنه,name,female
غاده,name,female
غادي,name,male
غادين,name,male
غاديه,name,female
غار,name,male
غاربي,name,male
غارتان,name,male
غارتي,name,male
غارم,name,male
غارمي,name,male
غارني,name,male
غاره,name,female
غاري,name,male
غاريه,name,female
غازان,name,male
غازبه,name,female
غازر,name,male
غازق,name,male
غازوي,name,male
غازي,name,male
غازين,name,male
غازيه,name,female
غاسل,name,male
غاسم,name,male
غاسن,name,male
غاسني,name,male
غاسي,name,male
غاش,name,male
غاشه,name,female
غاشي,name,male
غاص,name,male
غاصيه,name,female
غاض,name,male
غاضوب,name,male
غاطره,name,female
غاطس,name,male
غافره,name,female
غافري,name,male
غافقه,name,female
غافل,name,male
غافي,name,male
غاق,name,male
غالب,name,male
غالبه,name,female
غالبي,name,male
غالبين,name,male
غالل,name,male
غاله,name,female
غالوجي,name,male
غالي,name,male
غاليا,name,male
غاليه,name,female
غام,name,male
غامدي,name,male
غامري,name,male
غامز,name,male
غامزي,name,male
غامسي,name,male
غامش,name,male
غامشه,name,female
غامض,name,male
غامق,name,male
غاملي,name,male
غاموي,name,male
غامي,name,male
غانا,name,male
غانايم,name,male
غانجي,name,male
غاندي,name,male
غانس,name,male
غانسي,name,male
غانم,name,male
غانمي,name,male
غاني,name,male
غانيم,name,male
غانيه,name,female
غاوزي,name,male
غاوس,name,male
غاوي,name,male
غاويه,name,female
غاي,name,male
غايبه,name,female
غايت,name,male
غايد,name,male
غايدي,name,male
غاير,name,male
غايط,name,male
غايقي,name,male
غايل,name,male
غايه,name,female
غايي,name,male
غبادي,name,male
غبار,name,male
غباره,name,female
غباري,name,male
غباس,name,male
غباشي,name,male
غباضه,name,female
غباط,name,male
غبانه,name,female
غبج,name,male
غبداء,name,female
غبراء,name,female
غبرائيل,name,male
غبراني,name,male
غبراوي,name,male
غبرسي,name,male
غبرص,name,male
غبروا,name,male
غبريا,name,male
غبريال,name,male
غبرين,name,male
غبشي,name,male
غبطاني,name,male
غبطه,name,female
غبه,name,female
غبوب,name,male
غبوت,name,male
غبور,name,male
غبوره,name,female
غبوري,name,male
غبوسي,name,male
غبوش,name,male
غبوشي,name,male
غبيبه,name,female
غبيثان,name,male
غبيري,name,male
غبيسان,name,male
غبيسي,name,male
غبيشان,name,male
غبيشه,name,female
غبيطي,name,male
غبين,name,male
غبيه,name,female
غبيوي,name,male
غتادي,name,male
غتاغت,name,male
غتامي,name,male
غتر,name,male
غتراء,name,female
غتمي,name,male
غتوان,name,male
غتيان,name,male
غتيمه,name,female
غثلان,name,male
غثلاوي,name,male
غثمه,name,female
غثي,name,male
غثيم,name,male
غجر,name,male
غدا,name,male
غداء,name,female
غدائي,name,male
غدابه,name,female
غدار,name,male
غداره,name,female
غدالي,name,male
غداني,name,male
غداه,name,female
غداوي,name,male
غداي,name,male
غداير,name,male
غدايه,name,female
غدر,name,male
غدران,name,male
غدريه,name,female
غدفان,name,male
غدفه,name,female
غدم,name,male
غده,name,female
غدوان,name,male
غدوره,name,female
غدومي,name,male
غدوني,name,male
غدوه,name,female
غدوي,name,male
غدويني,name,male
غدي,name,male
غدير,name,female
غديره,name,female
غديري,name,male
غديفات,name,male
غديفي,name,male
غديق,name,male
غديقه,name,female
غديم,name,male
غديمه,name,female
غديه,name,female
غذافه,name,female
غذام,name,male
غذاوي,name,male
غذوي,name,male
غذيفل,name,male
غذيه,name,female
غرا,name,male
غراء,name,female
غرائري,name,male
غرائي,name,male
غراب,name,male
غراباوي,name,male
غرابل,name,male
غرابلي,name,male
غرابه,name,female
غرابي,name,male
غرابيلا,name,male
غرات,name,male
غرادي,name,male
غراره,name,female
غراري,name,male
غراس,name,male
غراسلي,name,male
غراسي,name,male
غراشي,name,male
غراصي,name,male
غراط,name,male
غراغر,name,male
غراغير,name,male
غرافي,name,male
غراق,name,male
غرالي,name,male
غرام,name,female
غرامه,name,female
غرامي,name,male
غراني,name,male
غراواني,name,male
غراونه,name,female
غراوني,name,male
غراوي,name,male
غرايب,name,male
غرايبه,name,female
غرايره,name,female
غرايري,name,male
غرب,name,male
غربات,name,male
غربال,name,male
غربالي,name,male
غرباو,name,male
غرباوي,name,male
غربلي,name,male
غربي,name,male
غربيان,name,male
غربيل,name,male
غربيه,name,female
غرد,name,male
غردو,name,male
غرديه,name,female
غرريه,name,female
غرس,name,male
غرسان,name,male
غرسلي,name,male
غرسه,name,female
غرش,name,male
غرفاء,name,female
غرفاوي,name,male
غرفي,name,male
غركه,name,female
غرم,name,male
غرمان,name,male
غرماوي,name,male
غرمي,name,male
غرناطي,name,male
غره,name,female
غروبي,name,male
غروده,name,female
غرور,name,male
غروش,name,male
غروقه,name,female
غروون,name,male
غروي,name,male
غري,name,male
غرياني,name,male
غريب,name,male
غريبا,name,male
غريبات,name,male
غريبان,name,male
غريبب,name,male
غريبه,name,female
غريبي,name,male
غريبيان,name,male
غريج,name,male
غريدان,name,male
غريده,name,female
غريدي,name,male
غرير,name,male
غريزات,name,male
غريزه,name,female
غريس,name,male
غريسه,name,female
غريسي,name,male
غريش,name,male
غريشي,name,male
غريض,name,male
غريضي,name,male
غريفات,name,male
غريق,name,male
غريم,name,male
غريمان,name,male
غريمه,name,female
غريمي,name,male
غريني,name,male
غرينيق,name,male
غزاره,name,female
غزاري,name,male
غزاز,name,male
غزال,name,male
غزالات,name,male
غزاله,name,female
غزالي,name,male
غزاليه,name,female
غزان,name,male
غزاونه,name,female
غزاوي,name,male
غزران,name,male
غزل,name,female
غزلا,name,male
غزلات,name,male
غزلان,name,female
غزلانه,name,female
غزلي,name,male
غزني,name,male
غزه,name,female
غزوا,name,male
غزواء,name,female
غزوان,name,male
غزواني,name,male
غزواه,name,male
غزوز,name,male
غزوف,name,male
غزولا,name,male
غزوله,name,female
غزي,name,male
غزيا,name,male
غزياني,name,male
غزيت,name,male
غزير,name,male
غزيز,name,male
غزيل,name,male
غزيه,name,female
غزيوات,name,male
غزيوي,name,male
غساسني,name,male
غساسي,name,male
غسال,name,male
غسام,name,male
غسامه,name,female
غسامي,name,male
غسان,name,male
غساني,name,male
غسانين,name,male
غساين,name,male
غسايه,name,female
غسلان,name,male
غسوس,name,male
غسي,name,female
غسيس,name,male
غسيسمن,name,male
غشاش,name,male
غشام,name,male
غشامه,name,female
غشان,name,male
غشاني,name,male
غشرب,name,male
غشم,name,male
غشمه,name,female
غشوان,name,male
غشوما,name,male
غشوي,name,male
غشيم,name,male
غشيمه,name,female
غشيني,name,male
غصاب,name,male
غصبه,name,female
غصته,name,male
غصن,name,male
غصون,name,female
غصيبيه,name,female
غضاب,name,male
غضار,name,male
غضاي,name,male
غضب,name,male
غضبان,name,male
غضباني,name,male
غضفه,name,female
غضنفر,name,male
غضنفري,name,male
غضون,name,male
غضوي,name,male
غضيب,name,male
غضيبان,name,male
غضيبه,name,female
غضيبي,name,male
غضيت,name,male
غضير,name,male
غضيه,name,female
غطا,name,male
غطار,name,male
غطاس,name,male
غطاني,name,male
غطايني,name,male
غطرس,name,male
غطس,name,male
غطفر,name,male
غطوس,name,male
غطوسي,name,male
غطيش,name,male
غفار,name,male
غفاره,name,female
غفاري,name,male
غفال,name,male
غفان,name,male
غفر,name,male
غفران,name,male
غفره,name,female
غفلان,name,male
غفله,name,female
غفه,name,female
غفوان,name,male
غفور,name,male
غفوري,name,male
غفول,name,male
غفيان,name,male
غفير,name,male
غفيره,name,female
غفيص,name,male
غفيصي,name,male
غفيله,name,female
غفينه,name,female
غفيني,name,male
غقيل,name,male
غلاب,name,male
غلابنه,name,male
غلابي,name,male
غلاج,name,male
غلال,name,male
غلالي,name,male
غلام,name,male
غلامان,name,male
غلان,name,male
غلاني,name,male
غلاوان,name,male
غلاي,name,male
غلايا,name,male
غلاييني,name,male
غلبون,name,male
غلقان,name,male
غلميه,name,female
غله,name,female
غلوضي,name,male
غلول,name,male
غلوم,name,male
غلوي,name,male
غلي,name,male
غليا,name,male
غليث,name,male
غليس,name,male
غليسان,name,male
غليش,name,male
غليفه,name,female
غليلي,name,male
غليم,name,male
غليمي,name,male
غليه,name,female
غماد,name,male
غمار,name,male
غماره,name,female
غماري,name,male
غمازي,name,male
غماسي,name,male
غماشه,name,female
غمال,name,male
غمالاس,name,male
غمامه,name,female
غمامي,name,male
غماي,name,male
غمد,name,male
غمدر,name,male
غمده,name,female
غمر,name,male
غمري,name,male
غمرياني,name,male
غمسي,name,male
غمشان,name,male
غمضان,name,male
غمعه,name,female
غملان,name,male
غموشي,name,male
غميان,name,male
غميدي,name,male
غمير,name,male
غميران,name,male
غميري,name,male
غميش,name,male
غميشا,name,male
غميض,name,male
غميله,name,female
غنا,name,male
غناء,name,female
غناج,name,male
غناجه,name,female
غناده,name,female
غناش,name,male
غنام,name,male
غنامه,name,female
غنامو,name,male
غنامي,name,male
غنان,name,male
غنانيم,name,male
غناوي,name,male
غنايات,name,male
غنايم,name,male
غنجاتي,name,male
غنجاوي,name,male
غنجه,name,female
غنجي,name,male
غنداري,name,male
غندر,name,male
غندور,name,male
غندوره,name,female
غندوري,name,male
غندير,name,male
غنزي,name,male
غنس,name,male
غنمان,name,male
غنميه,name,female
غنو,name,male
غنوان,name,male
غنوج,name,male
غنوم,name,male
غنون,name,male
غنوه,name,female
غنوي,name,male
غني,name,male
غنيان,name,male
غنياني,name,male
غنيج,name,male
غنيجه,name,female
غنيد,name,male
غنيصات,name,male
غنيطه,name,female
غنيم,name,male
غنيمات,name,male
غنيمه,name,female
غنيمي,name,male
غنين,name,male
غنينم,name,male
غنيه,name,female
غوات,name,male
غواتي,name,male
غواز,name,male
غواطي,name,male
غوال,name,male
غوالب,name,male
غواني,name,male
غواي,name,male
غوت,name,male
غوث,name,male
غوثاني,name,male
غوثي,name,male
غوراتي,name,male
غوري,name,male
غوريه,name,female
غوز,name,male
غوش,name,male
غوشه,name,female
غوقه,name,female
غولمي,name,male
غولي,name,male
غوني,name,male
غوي,name,male
غويان,name,male
غوياني,name,male
غويبي,name,male
غويثي,name,male
غويده,name,female
غويديه,name,female
غويزي,name,male
غويزيه,name,female
غويل,name,male
غويلم,name,male
غويله,name,female
غوينم,name,male
غويه,name,female
غيابه,name,female
غياث,name,male
غياثي,name,male
غياده,name,female
غيار,name,male
غياره,name,female
غياز,name,male
غياس,name,male
غياصه,name,female
غياض,name,male
غياطه,name,female
غيام,name,male
غياني,name,male
غيبريال,name,male
غيبشه,name,female
غيبي,name,male
غيت,name,male
غيتم,name,male
غيته,name,female
غيتي,name,male
غيث,name,male
غيثاء,name,female
غيثان,name,male
غيثت,name,male
غيثه,name,female
غيثوني,name,male
غيثي,name,male
غيثيه,name,female
غيدا,name,male
غيداء,name,female
غيدان,name,male
غيداوي,name,male
غيدي,name,male
غيدير,name,male
غيرب,name,male
غيروس,name,male
غيرون,name,male
غيساسي,name,male
غيسال,name,male
غيسان,name,male
غيشا,name,male
غيضان,name,male
غيضاني,name,male
غيضاوي,name,male
غيضه,name,female
غيط,name,male
غيطاني,name,male
غيطر,name,male
غيظه,name,female
غيظي,name,male
غيلان,name,male
غيلاني,name,male
غيلم,name,male
غيلوم,name,male
غيمان,name,male
غيميه,name,female
غيني,name,male
غيو,name,male
غيور,name,male
غداف,name,female
غِزْوة,name,female
غلفاء,name,female
غلواء وغلواء,name,female
غمرة,name,female
غنية وغنية,name,female
غيثانة,name,female
غيفاء,name,female
غاصب,name,male
غامد,name,male
غامر,name,male
غريد,name,male
غصوب,name,male
غصين,name,male
غلوان,name,male
غنم,name,male
غوار,name,male
