كائده,name,female
كائف,name,male
كائن,name,male
كائنات,name,male
كابت,name,male
كابح,name,male
كابر,name,male
كابريان,name,male
كابع,name,male
كابلي,name,male
كاتب,name,male
كاتبه,name,female
كاترين,name,male
كاتو,name,male
كاثر,name,male
كاثرين,name,male
كاثلين,name,male
كاج,name,male
كاجه,name,female
كاجي,name,male
كاحوت,name,male
كاحي,name,male
كادبه,name,female
كادره,name,female
كادري,name,male
كادش,name,male
كادك,name,male
كادكلي,name,male
كادل,name,male
كادم,name,male
كادن,name,male
كاده,name,male
كادودي,name,male
كادوني,name,male
كادوه,name,male
كادي,name,male
كاديا,name,male
كادير,name,male
كاذيه,name,female
كارتي,name,male
كاردار,name,male
كاركو,name,male
كارلو,name,male
كارليس,name,male
كارلين,name,male
كارليه,name,male
كارم,name,male
كارمن,name,male
كارمين,name,male
كارن,name,male
كارواني,name,male
كارولي,name,male
كاروه,name,female
كاريم,name,male
كارين,name,female
كازم,name,male
كازومي,name,male
كازي,name,male
كازيا,name,male
كاسب,name,male
كاسبار,name,male
كاسع,name,male
كاسمي,name,male
كاسوحه,name,female
كاسيب,name,male
كاشاني,name,male
كاشت,name,male
كاشح,name,male
كاشف,name,male
كاشفا,name,male
كاشفف,name,male
كاشه,name,female
كاشوري,name,male
كاشوك,name,male
كاصر,name,male
كاصم,name,male
كاصي,name,male
كاطع,name,male
كاطوف,name,male
كاظا,name,male
كاظاني,name,male
كاظم,name,male
كاظمن,name,male
كاظمه,name,female
كاظمي,name,male
كاظي,name,male
كاظيم,name,male
كاظيمه,name,female
كاف,name,male
كافه,name,female
كافوج,name,male
كافي,name,male
كافيه,name,female
كاكا,name,male
كاكه,name,male
كال,name,male
كالدي,name,male
كالم,name,male
كالمان,name,male
كالوت,name,male
كالود,name,male
كالوز,name,male
كاليم,name,male
كاليه,name,male
كاليوبي,name,male
كامال,name,male
كامر,name,male
كامري,name,male
كامل,name,male
كاملا,name,male
كاملات,name,male
كاملان,name,male
كاملل,name,male
كامله,name,female
كامن,name,male
كامه,name,female
كاموتا,name,male
كامون,name,male
كاموني,name,male
كاميرون,name,male
كاميلي,name,male
كاميليا,name,male
كامين,name,male
كاميني,name,male
كاميه,name,female
كان,name,male
كانا,name,male
كاناس,name,male
كانبي,name,male
كاندا,name,male
كانر,name,male
كانز,name,male
كانف,name,male
كانه,name,female
كانور,name,male
كانوري,name,male
كانون,name,male
كانونا,name,male
كانونه,name,female
كانوني,name,male
كانيه,name,female
كاهلون,name,male
كاهمل,name,male
كاهيه,name,female
كاو,name,male
كاواني,name,male
كاوه,name,male
كاوياني,name,male
كاويش,name,male
كايد,name,male
كايده,name,female
كايره,name,female
كايزر,name,male
كايسي,name,male
كايشمن,name,male
كايفه,name,female
كايل,name,male
كايمه,name,female
كاينه,name,female
كبا,name,male
كبابجي,name,male
كباتي,name,male
كبادو,name,male
كباديه,name,female
كبار,name,male
كبارا,name,male
كبارتي,name,male
كباره,name,female
كباريتي,name,male
كباس,name,male
كباش,name,male
كباشي,name,male
كباطي,name,male
كبالي,name,male
كبان,name,male
كبانه,name,female
كباني,name,male
كبايه,name,female
كبتاني,name,male
كبتر,name,male
كبجه,name,female
كبجي,name,male
كبح,name,male
كبداء,name,female
كبداني,name,male
كبران,name,male
كبروجي,name,male
كبسه,name,female
كبسي,name,male
كبسيا,name,male
كبش,name,male
كبشان,name,male
كبشوي,name,male
كبع,name,male
كبعاني,name,male
كبلو,name,male
كبني,name,male
كبه,name,female
كبوبه,name,female
كبوح,name,male
كبود,name,male
كبودي,name,male
كبور,name,male
كبوري,name,male
كبوشي,name,male
كبوشيه,name,female
كبيان,name,male
كبيبيه,name,female
كبيثان,name,male
كبيج,name,male
كبيجي,name,male
كبير,name,male
كبيره,name,female
كبيسا,name,male
كبيشه,name,female
كبيشي,name,male
كبيص,name,male
كبين,name,male
كتا,name,male
كتائت,name,male
كتاب,name,male
كتاري,name,male
كتافه,name,female
كتام,name,male
كتامه,name,female
كتامي,name,male
كتان,name,male
كتانه,name,female
كتاني,name,male
كتبه,name,female
كتبي,name,male
كتخذا,name,male
كتر,name,male
كتري,name,male
كترين,name,male
كترينا,name,male
كترينه,name,female
كتشن,name,male
كتعان,name,male
كتعم,name,male
كتفان,name,male
كتكت,name,male
كتل,name,male
كتلوا,name,male
كتم,name,male
كتن,name,male
كتني,name,male
كته,name,male
كتوري,name,male
كتوع,name,male
كتوعه,name,female
كتولا,name,male
كتوه,name,female
كتيابي,name,male
كتيب,name,male
كتيبه,name,female
كتيت,name,male
كتيتي,name,male
كتيلي,name,male
كتيني,name,male
كثاب,name,male
كثاري,name,male
كثاني,name,male
كثرات,name,male
كثران,name,male
كثري,name,male
كثور,name,male
كثير,name,male
كثيري,name,male
كثيريه,name,female
كجا,name,male
كجاله,name,female
كجان,name,male
كجج,name,male
كجل,name,male
كجه,name,male
كحاله,name,female
كحكي,name,male
كحل,name,male
كحلا,name,male
كحلاوي,name,male
كحله,name,male
كحلي,name,male
كحمي,name,male
كحنه,name,female
كحه,name,female
كحو,name,male
كحوت,name,male
كحول,name,male
كحون,name,male
كحي,name,male
كحيجلي,name,male
كحيط,name,male
كحيلانيه,name,female
كحيلي,name,male
كدادي,name,male
كدار,name,male
كداره,name,female
كداري,name,male
كداس,name,male
كداسي,name,male
كداش,name,male
كداشي,name,male
كداف,name,male
كدالي,name,male
كداني,name,male
كداوي,name,male
كدراء,name,female
كدراوي,name,male
كدس,name,male
كدف,name,male
كدفه,name,female
كدم,name,male
كده,name,male
كدو,name,male
كدواش,name,male
كدواي,name,male
كدور,name,male
كدوري,name,male
كدوس,name,male
كدوعه,name,female
كدوك,name,male
كدوني,name,male
كدي,name,female
كديت,name,male
كديحه,name,female
كديحي,name,male
كديدي,name,male
كديره,name,female
كديري,name,male
كديش,name,male
كديم,name,male
كديمي,name,male
كديني,name,male
كديه,name,female
كديوه,name,female
كذبه,name,female
كرابش,name,male
كرابعه,name,female
كرابليه,name,female
كراتي,name,male
كراج,name,male
كراجه,name,female
كرار,name,male
كرارات,name,male
كراره,name,female
كراري,name,male
كراريه,name,female
كراس,name,male
كراسا,name,male
كراش,name,male
كراشمي,name,male
كراط,name,male
كراف,name,male
كرافا,name,male
كرافس,name,male
كرافي,name,male
كراك,name,male
كراكب,name,male
كراكدن,name,male
كراكي,name,male
كرام,name,male
كراما,name,male
كرامت,name,male
كرامطي,name,male
كرامه,name,female
كرامو,name,male
كرامي,name,male
كرانه,name,female
كراوشه,name,female
كراوه,name,female
كراوي,name,male
كراويه,name,female
كرايا,name,male
كرايم,name,male
كربا,name,male
كرباج,name,male
كرباري,name,male
كرباس,name,male
كرباسي,name,male
كرباك,name,male
كربال,name,male
كربالو,name,male
كربت,name,male
كربل,name,male
كربلاني,name,male
كربوت,name,male
كربوح,name,male
كربوس,name,male
كربول,name,male
كربيان,name,male
كرتوع,name,male
كرتي,name,male
كرجان,name,male
كرجلي,name,male
كرجي,name,male
كرجيه,name,female
كرداسيه,name,female
كردال,name,male
كردان,name,male
كردانه,name,female
كردستان,name,male
كردودي,name,male
كردوس,name,male
كردوسي,name,male
كردومي,name,male
كردونه,name,female
كردي,name,male
كرديس,name,male
كرديم,name,male
كردين,name,male
كرديه,name,female
كرزه,name,female
كرزون,name,male
كرزيه,name,female
كرس,name,male
كرساني,name,male
كرساوي,name,male
كرستو,name,male
كرستيان,name,male
كرستين,name,male
كرسو,name,male
كرسوم,name,male
كرسيتي,name,male
كرسين,name,male
كرسيه,name,female
كرسيوفي,name,male
كرش,name,male
كرشامي,name,male
كرشاني,name,male
كرشوي,name,male
كرشي,name,male
كرشين,name,male
كرط,name,male
كرطي,name,male
كرطيط,name,male
كرعاني,name,male
كرعوص,name,male
كرعون,name,male
كرف,name,male
كرفاس,name,male
كرفاني,name,male
كرفيس,name,male
كرك,name,male
كركان,name,male
كركب,name,male
كركبي,name,male
كركد,name,male
كركدان,name,male
كركر,name,male
كركراي,name,male
كركريه,name,female
كركستان,name,male
كركمان,name,male
كركه,name,female
كركو,name,male
كركوب,name,male
كركور,name,male
كركوري,name,male
كركون,name,male
كركوه,name,female
كركي,name,male
كركيا,name,male
كركيت,name,male
كركيس,name,male
كركين,name,male
كرلز,name,male
كرلص,name,male
كرلي,name,male
كرم,name,male
كرماتي,name,male
كرماط,name,male
كرمال,name,male
كرمالي,name,male
كرمان,name,male
كرمد,name,male
كرمله,name,female
كرملي,name,male
كرمني,name,male
كرمه,name,female
كرمو,name,male
كرموح,name,male
كرموني,name,male
كرمي,name,male
كرميد,name,male
كرميلا,name,male
كرناوي,name,male
كرنب,name,male
كرندل,name,male
كرنيليا,name,male
كرو,name,male
كروان,name,male
كرواني,name,male
كرواوي,name,male
كروب,name,male
كروري,name,male
كروسو,name,male
كروسي,name,male
كروش,name,male
كروشه,name,female
كروشي,name,male
كروفا,name,male
كروك,name,male
كروكي,name,male
كرولي,name,male
كروم,name,male
كرومي,name,male
كروي,name,male
كريا,name,male
كريب,name,male
كريبيه,name,female
كريت,name,male
كريتين,name,male
كريجي,name,male
كريحي,name,male
كريد,name,male
كريدم,name,male
كريدي,name,male
كريديان,name,male
كريديد,name,male
كريديس,name,male
كريدين,name,male
كريرا,name,male
كريريه,name,female
كريزان,name,male
كريستن,name,male
كريستيا,name,male
كريستين,name,male
كريسوفر,name,male
كريسي,name,male
كريسيع,name,male
كريسين,name,male
كريش,name,male
كريشان,name,male
كريشف,name,male
كريشه,name,female
كريشيان,name,male
كريع,name,male
كريفه,name,female
كريفي,name,male
كريكي,name,male
كريم,name,male
كريما,name,male
كريمان,name,male
كريمه,name,female
كريموني,name,male
كريمي,name,male
كريمين,name,male
كريني,name,male
كريون,name,male
كريوي,name,male
كرييش,name,male
كزابر,name,male
كزاز,name,male
كزال,name,male
كزان,name,male
كزانه,name,female
كزاوي,name,male
كزبه,name,female
كزمي,name,male
كزوز,name,male
كزولي,name,male
كزيا,name,male
كزيبره,name,female
كزيده,name,female
كزير,name,male
كزيزه,name,female
كزيم,name,male
كزيمان,name,male
كزين,name,male
كسا,name,male
كساب,name,male
كسابا,name,male
كسابي,name,male
كسادجي,name,male
كسار,name,male
كساره,name,female
كساري,name,male
كساع,name,male
كساله,name,female
كسبانه,name,female
كسباوي,name,male
كسبره,name,female
كسبه,name,female
كسبيه,name,female
كستن,name,male
كستوري,name,male
كسحاوي,name,male
كسحي,name,male
كسراني,name,male
كسراوي,name,male
كسرواني,name,male
كسروي,name,male
كسفريت,name,male
كسكاس,name,male
كسماني,name,male
كسمت,name,male
كسمل,name,male
كسنه,name,female
كسو,name,male
كسوات,name,male
كسواني,name,male
كسوتي,name,male
كسود,name,male
كسوري,name,male
كسوريه,name,female
كسوس,name,male
كسوع,name,male
كسول,name,male
كسومه,name,female
كسيات,name,male
كسيبه,name,female
كسيده,name,female
كسيرات,name,male
كسيري,name,male
كسيكس,name,male
كسيل,name,male
كسيمل,name,male
كشاش,name,male
كشاط,name,male
كشاطي,name,male
كشان,name,male
كشباتي,name,male
كشبي,name,male
كشده,name,female
كشري,name,male
كشطان,name,male
كشفه,name,male
كشك,name,male
كشكش,name,male
كشكي,name,male
كشكيش,name,male
كشكيه,name,female
كشل,name,male
كشمر,name,male
كشمري,name,male
كشنه,name,female
كشو,name,male
كشوبيه,name,female
كشوحي,name,male
كشود,name,male
كشوشي,name,male
كشوط,name,male
كشوع,name,male
كشوك,name,male
كشومه,name,female
كشي,name,female
كشيب,name,male
كشيد,name,male
كشير,name,male
كشيرو,name,male
كشيري,name,male
كشيش,name,male
كشيشيه,name,female
كشيط,name,male
كشيه,name,female
كصاء,name,female
كصالي,name,male
كصاوي,name,male
كصوص,name,male
كطار,name,male
كطاري,name,male
كطان,name,male
كطفان,name,male
كطكوط,name,male
كطوان,name,male
كطوف,name,male
كطي,name,male
كطيف,name,male
كظوم,name,male
كظيمه,name,female
كعابين,name,male
كعان,name,male
كعايه,name,female
كعبار,name,male
كعباني,name,male
كعبه,name,female
كعبوره,name,female
كعبوري,name,male
كعبوس,name,male
كعبي,name,male
كعتي,name,male
كعده,name,female
كعكابي,name,male
كعكي,name,male
كعلي,name,male
كعم,name,male
كعمان,name,male
كعمور,name,male
كعنان,name,male
كعنانه,name,female
كعوات,name,male
كعود,name,male
كعودي,name,male
كعور,name,male
كعوه,name,female
كعي,name,male
كعيبني,name,male
كعيبه,name,female
كعيتان,name,male
كعيتي,name,male
كعيد,name,male
كعير,name,male
كفا,name,male
كفاء,name,female
كفاته,name,female
كفاح,name,male
كفاحه,name,female
كفاد,name,male
كفافي,name,male
كفاله,name,female
كفانه,name,female
كفاوي,name,male
كفايات,name,male
كفايه,name,female
كفتيه,name,female
كفراوي,name,male
كفرين,name,male
كفطان,name,male
كفل,name,male
كفلاي,name,male
كفلي,name,male
كفن,name,male
كفنيه,name,female
كفه,name,male
كفوري,name,male
كفوزي,name,male
كفي,name,male
كفيدان,name,male
كفير,name,male
كفيري,name,male
كفيفان,name,male
كفينه,name,female
كلا,name,male
كلاء,name,female
كلاب,name,male
كلاباني,name,male
كلابه,name,female
كلاتي,name,male
كلاديس,name,male
كلار,name,male
كلاز,name,male
كلاش,name,male
كلاشو,name,male
كلاشي,name,male
كلاصي,name,male
كلاعه,name,female
كلاكه,name,female
كلام,name,male
كلامي,name,male
كلانتر,name,male
كلاوي,name,male
كلبانه,name,female
كلبت,name,male
كلبخ,name,male
كلبش,name,male
كلبهار,name,male
كلبونه,name,female
كلبي,name,male
كلتاج,name,male
كلتوم,name,male
كلتومي,name,male
كلتي,name,male
كلثم,name,male
كلثوم,name,male
كلثومه,name,female
كلحيم,name,male
كلدان,name,male
كلده,name,female
كلر,name,male
كلز,name,male
كلزي,name,male
كلزيم,name,male
كلزيه,name,female
كلسن,name,male
كلسو,name,male
كلسوم,name,male
كلش,name,male
كلشن,name,male
كلطه,name,female
كلظم,name,male
كلعن,name,male
كلفاطي,name,male
كلفت,name,male
كلفدان,name,male
كلفن,name,male
كلفه,name,female
كلفون,name,male
كلك,name,male
كللي,name,male
كلم,name,male
كلمنتين,name,male
كلمنتينا,name,male
كلمنس,name,male
كلمون,name,male
كلمي,name,male
كلمينتينا,name,male
كلنج,name,male
كلني,name,male
كله,name,male
كلوب,name,male
كلوبي,name,male
كلوت,name,male
كلوتي,name,male
كلود,name,male
كلوديا,name,male
كلوديه,name,female
كلوديوس,name,male
كلوزه,name,female
كلوش,name,male
كلوشي,name,male
كلوط,name,male
كلوفي,name,male
كلوك,name,male
كلول,name,male
كلوله,name,female
كلوني,name,male
كلي,name,male
كلياني,name,male
كليانيا,name,male
كليبان,name,male
كليباوي,name,male
كليبه,name,female
كليثم,name,male
كليد,name,male
كليرا,name,male
كليز,name,male
كليزي,name,male
كليسه,name,female
كليعه,name,female
كليفورد,name,male
كليفي,name,male
كليك,name,male
كليكل,name,male
كليكه,name,female
كليلي,name,male
كليليه,name,female
كليمانس,name,male
كليمانص,name,male
كليمن,name,male
كليمنص,name,male
كليني,name,male
كليوباترا,name,male
كليوبترا,name,male
كليوبي,name,male
كليون,name,male
كليونه,name,female
كليوني,name,male
كليوه,name,female
كمات,name,male
كماح,name,male
كماد,name,male
كمادي,name,male
كمار,name,male
كمارجي,name,male
كماره,name,female
كماش,name,male
كماصي,name,male
كماع,name,male
كمال,name,male
كمالان,name,male
كماله,name,female
كمالي,name,male
كماليه,name,female
كمام,name,male
كماما,name,male
كمامه,name,female
كمان,name,male
كماني,name,male
كماهل,name,male
كماوي,name,male
كمايل,name,male
كمايله,name,female
كماين,name,male
كمب,name,male
كمبيال,name,male
كمثر,name,male
كمر,name,male
كمره,name,female
كمرون,name,male
كمري,name,male
كمس,name,male
كمشو,name,male
كمشير,name,male
كمعان,name,male
كمكامي,name,male
كمكوم,name,male
كمل,name,male
كملا,name,male
كملان,name,male
كملو,name,male
كمليا,name,male
كمنجي,name,male
كمهال,name,male
كمو,name,male
كمود,name,male
كموده,name,female
كموش,name,male
كموم,name,male
كمومه,name,female
كمون,name,male
كمونه,name,female
كميش,name,male
كميل,name,male
كميلان,name,male
كميله,name,female
كميلي,name,male
كميليه,name,female
كمين,name,male
كميني,name,male
كميهان,name,male
كناب,name,male
كنات,name,male
كناتي,name,male
كناد,name,male
كناس,name,male
كناشي,name,male
كنافي,name,male
كنان,name,male
كنانه,name,male
كناني,name,male
كناوي,name,male
كنبر,name,male
كنبش,name,male
كنبع,name,male
كنبور,name,male
كنبوري,name,male
كنت,name,male
كنته,name,female
كنج,name,male
كنجا,name,male
كند,name,male
كندا,name,male
كنداره,name,female
كنداني,name,male
كندر,name,male
كندرجي,name,male
كندري,name,male
كندس,name,male
كندش,name,male
كنده,name,female
كندوز,name,male
كندوس,name,male
كندي,name,male
كنديس,name,male
كنديه,name,male
كنز,name,male
كنزاري,name,male
كنزه,name,female
كنس,name,male
كنصه,name,female
كنطري,name,male
كنعان,name,male
كنفاني,name,male
كنفودي,name,male
كنفي,name,male
كنكس,name,male
كنكون,name,male
كنكوني,name,male
كنه,name,female
كنوب,name,male
كنود,name,male
كنور,name,male
كنوري,name,male
كنوش,name,male
كنوع,name,male
كنوعه,name,female
كنون,name,male
كنوني,name,male
كنوي,name,male
كنير,name,male
كنيزه,name,female
كنيزي,name,male
كنيس,name,male
كنيع,name,male
كنيعو,name,male
كنينه,name,female
كنينو,name,male
كنيه,name,female
كها,name,male
كهران,name,male
كهلان,name,male
كهمان,name,male
كهمل,name,male
كهني,name,male
كهيان,name,male
كهير,name,male
كهيلي,name,male
كهيني,name,male
كهيه,name,female
كواب,name,male
كواتي,name,male
كوادي,name,male
كوارب,name,male
كواره,name,female
كواسه,name,female
كواش,name,male
كوافه,name,female
كواكبي,name,male
كواكبيه,name,female
كواكي,name,male
كوالي,name,male
كوام,name,male
كوامه,name,female
كواي,name,male
كوايه,name,female
كوبر,name,male
كوبلا,name,male
كوبله,name,male
كوبيه,name,female
كوتو,name,male
كوتي,name,male
كوثر,name,female
كوجوه,name,male
كوحب,name,male
كوخي,name,male
كودا,name,male
كوداع,name,male
كوداني,name,male
كور,name,male
كورال,name,male
كوران,name,male
كوراني,name,male
كوربا,name,male
كورت,name,male
كورتي,name,male
كوردو,name,male
كوردي,name,male
كوركه,name,female
كورل,name,male
كورنا,name,male
كورنيل,name,male
كورنيليا,name,male
كوريا,name,male
كوريتا,name,male
كوريلا,name,male
كوريمه,name,female
كوز,name,male
كوزانه,name,female
كوزين,name,male
كوس,name,male
كوسان,name,male
كوسج,name,male
كوسري,name,male
كوسن,name,male
كوسه,name,female
كوشر,name,male
كوشل,name,male
كوض,name,male
كوط,name,male
كوعان,name,male
كوفات,name,male
كوفتي,name,male
كوفه,name,female
كوفي,name,male
كوكا,name,male
كوكار,name,male
كوكب,name,male
كوكبي,name,male
كوكه,name,female
كوكوب,name,male
كوكي,name,female
كوكيس,name,male
كول,name,male
كولبرت,name,male
كوليط,name,male
كوليل,name,male
كوليله,name,female
كوم,name,male
كوماتي,name,male
كومان,name,male
كوماني,name,male
كومو,name,male
كوميدي,name,male
كونا,name,male
كونكا,name,male
كونه,name,female
كونيل,name,male
كونين,name,male
كونيه,name,female
كوهستاني,name,male
كوهن,name,male
كوهي,name,male
كووز,name,male
كويبان,name,male
كويح,name,male
كويحه,name,female
كويديه,name,female
كوير,name,male
كويره,name,female
كويسن,name,male
كويسه,name,female
كويض,name,male
كويطن,name,male
كويعه,name,female
كويل,name,male
كويلا,name,male
كويم,name,male
كويين,name,male
كيابي,name,male
كياتي,name,male
كيادي,name,male
كياديا,name,male
كياري,name,male
كياك,name,male
كيال,name,male
كيالي,name,male
كيايده,name,female
كيب,name,male
كيبان,name,male
كيتي,name,male
كيخ,name,male
كيد,name,male
كيداهم,name,male
كيدحه,name,female
كيدش,name,male
كيرا,name,male
كيران,name,male
كيراي,name,male
كيرت,name,male
كيره,name,female
كيروز,name,male
كيروني,name,male
كيري,name,male
كيساني,name,male
كيسر,name,male
كيسون,name,male
كيسي,name,male
كيش,name,male
كيشه,name,female
كيطان,name,male
كيف,name,male
كيفه,name,female
كيفيه,name,female
كيك,name,male
كيكي,name,male
كيلاب,name,male
كيلان,name,male
كيلانه,name,female
كيلاني,name,male
كيلانيه,name,female
كيلاي,name,male
كيله,name,female
كيلوا,name,male
كيلي,name,male
كيليا,name,male
كيموس,name,male
كينجو,name,male
كينجي,name,male
كيندا,name,male
كيندو,name,male
كينوني,name,male
كيني,name,male
كينيا,name,male
كيواني,name,male
كيوح,name,male
كيول,name,male
كلب,animal,
كركدن,animal,
كنغر,animal,
كوبرا,animal,
كوالا,animal,
كركي,animal,
كتكوت,animal,
كبش,animal,
كاليمار,animal,
كركوش,animal,
كورموران,animal,
كاردينال,animal,
كايمان,animal,
كويتل,animal,
كوليبري,animal,
كرنب,plant,
كركم,plant,
كزبره,plant,
كمثري,plant,
كيوي,plant,
كركديه,plant,
كستناء,plant,
كرز,plant,
كشمش,plant,
كاكاو,plant,
كافور,plant,
كرنبيني,plant,
كبشورة,plant,
كربوناريا,plant,
كتاب,object,
كرسي,object,
كاميرا,object,
كمبيوتر,object,
كوب,object,
كيس,object,
كرة,object,
كرتون,object,
كابل,object,
كراكير,object,
كبسولة,object,
كشاف,object,
كعكة,object,
كفيلتر,object,
كومباس,object,
كوبا,country,
كندا,country,
كينيا,country,
كوريا,country,
كازاخستان,country,
كمبوديا,country,
كوستاريكا,country,
كولومبيا,country,
كرواتيا,country,
كيريباتي,country,
كاميرون,country,
كوسوفو,country,
كامبوديا,country,
كوراساو,country,
كابو_فيردي,country,
كونغو,country,
كويت,country,
كوريا الجنوبية,country,
كوريا الشمالية,country,
