لؤلؤ,name,male
لؤلؤه,name,female
لؤي,name,male
لائق,name,male
لائقه,name,female
لابس,name,male
لابل,name,male
لابي,name,male
لابيدي,name,male
لاتان,name,male
لاترم,name,male
لاتي,name,male
لاتيح,name,male
لاتيه,name,female
لاجج,name,male
لاجرس,name,male
لاجن,name,male
لاحد,name,male
لاحده,name,female
لاحف,name,male
لاحق,name,male
لاحن,name,male
لاحيم,name,male
لاخضري,name,male
لادن,name,male
لادنو,name,male
لادها,name,male
لاديم,name,male
لاذع,name,male
لارا,name,female
لارمني,name,male
لاروي,name,male
لاري,name,male
لازار,name,male
لازر,name,male
لازرق,name,male
لازم,name,male
لازمه,name,female
لازو,name,male
لاسحر,name,male
لاسكا,name,male
لاسي,name,male
لاسير,name,male
لاسين,name,male
لاش,name,male
لاشاري,name,male
لاشر,name,male
لاشهب,name,male
لاشي,name,male
لاشيء,name,male
لاشيق,name,male
لاطه,name,female
لاطي,name,male
لاظم,name,male
لاعه,name,female
لاعوريني,name,male
لاغه,name,female
لاغي,name,male
لاف,name,male
لافت,name,male
لافتي,name,male
لافر,name,male
لافه,name,female
لافي,name,male
لافيح,name,male
لافير,name,male
لافيه,name,male
لاقرن,name,male
لاكحل,name,male
لاكدي,name,female
لاكم,name,male
لال,name,male
لالا,name,male
لالاء,name,female
لالحظي,name,male
لاله,name,male
لالي,name,male
لاما,name,male
لاماء,name,female
لاماس,name,male
لامبرت,name,male
لامج,name,male
لامحه,name,female
لامز,name,male
لامس,name,male
لامشني,name,male
لامك,name,male
لاممي,name,male
لاموت,name,male
لامي,name,male
لاميره,name,female
لاميعه,name,female
لامين,name,male
لاميه,name,female
لان,name,male
لانا,name,female
لانسكي,name,male
لاهب,name,male
لاهج,name,male
لاهق,name,male
لاهل,name,male
لاهوم,name,male
لاوري,name,male
لاوم,name,male
لاوندي,name,male
لاويت,name,male
لايث,name,male
لايذ,name,male
لايز,name,male
لايع,name,male
لايفه,name,female
لايق,name,male
لاين,name,male
لباب,name,male
لبابا,name,male
لبابنه,name,female
لبابه,name,female
لبابو,name,male
لباجي,name,male
لباخي,name,male
لباد,name,male
لباري,name,male
لبازي,name,male
لباس,name,male
لبالي,name,male
لبان,name,male
لبانه,name,female
لببي,name,male
لبتي,name,male
لبجاري,name,male
لبداري,name,male
لبداع,name,male
لبران,name,male
لبرعي,name,male
لبزور,name,male
لبس,name,male
لبلاب,name,male
لبلاس,name,male
لبلاق,name,male
لبلان,name,male
لبلمي,name,male
لبلي,name,male
لبن,name,male
لبنا,name,male
لبنه,name,female
لبني,name,female
لبه,name,female
لبوت,name,male
لبود,name,male
لبوزه,name,female
لبوشنب,name,male
لبوشي,name,male
لبوي,name,male
لبي,name,male
لبياضي,name,male
لبيب,name,male
لبيبا,name,male
لبيبه,name,female
لبيبيني,name,male
لبيجي,name,male
لبيجيان,name,male
لبيص,name,male
لبيضه,name,female
لبيق,name,male
لتاح,name,male
لثيا,name,male
لثيق,name,male
لجام,name,male
لجان,name,female
لجحي,name,male
لجلاج,name,male
لجنف,name,male
لجواد,name,male
لجين,name,male
لحاد,name,male
لحاف,name,male
لحام,name,male
لحبوسي,name,male
لحبيب,name,male
لحبيشي,name,male
لحتاني,name,male
لحج,name,male
لحجه,name,female
لحجي,name,male
لحد,name,male
لحدود,name,male
لحدي,name,male
لحديثي,name,male
لحديلي,name,male
لحديوي,name,male
لحسان,name,male
لحسل,name,male
لحسه,name,female
لحسيب,name,male
لحسينان,name,male
لحسيني,name,male
لحسينيه,name,female
لحشايش,name,male
لحشايشي,name,male
لحظ,name,male
لحظي,name,male
لحفه,name,female
لحقي,name,male
لحلايسي,name,male
لحلط,name,male
لحلو,name,male
لحلوحي,name,male
لحليح,name,male
لحليلي,name,male
لحليمي,name,male
لحليو,name,male
لحم,name,male
لحمادي,name,male
لحني,name,male
لحه,name,female
لحوم,name,male
لحويوي,name,male
لحياني,name,male
لحياوي,name,male
لحيبي,name,male
لحيجي,name,male
لحيمي,name,male
لحين,name,male
لخبه,name,female
لخزامي,name,male
لخصاصي,name,male
لخضاري,name,male
لخضر,name,male
لخطي,name,male
لخفر,name,male
لخم,name,male
لخن,name,male
لخيت,name,male
لخيل,name,male
لداد,name,male
لداده,name,female
لدرجي,name,male
لدرع,name,male
لدريس,name,male
لدعه,name,female
لدم,name,male
لدينا,name,male
لديه,name,female
لذه,name,female
لرباش,name,male
لريش,name,male
لزاب,name,male
لزام,name,male
لزغب,name,male
لزغلي,name,male
لزقع,name,male
لزمه,name,female
لزه,name,female
لزهر,name,male
لزوم,name,male
لزيق,name,male
لسان,name,male
لسد,name,male
لسعديه,name,female
لسكر,name,male
لسلامي,name,male
لسنا,name,male
لسنيه,name,female
لسهب,name,male
لسود,name,male
لسي,name,male
لشاي,name,male
لشكر,name,male
لطافت,name,male
لطاوي,name,male
لطايف,name,male
لطخ,name,male
لطرش,name,male
لطف,name,male
لطفان,name,male
لطفه,name,female
لطفي,name,male
لطمان,name,male
لطوف,name,male
لطيطه,name,female
لطيعي,name,male
لطيف,name,male
لطيفه,name,female
لطيفي,name,male
لطيم,name,male
لظه,name,female
لظي,name,female
لظيم,name,male
لظيمي,name,male
لعابه,name,female
لعاج,name,male
لعاصي,name,male
لعامري,name,male
لعب,name,male
لعبه,name,female
لعبو,name,male
لعجي,name,male
لعرافه,name,female
لعرض,name,male
لعروسي,name,male
لعروضي,name,male
لعريبي,name,male
لعريبيه,name,female
لعسيري,name,male
لعسيليه,name,female
لعشب,name,male
لعشوريه,name,female
لعشي,name,female
لعصيدي,name,male
لعضيم,name,male
لعل,name,male
لعليوي,name,male
لعمادي,name,male
لعمار,name,male
لعمامي,name,male
لعمان,name,male
لعمر,name,male
لعمود,name,male
لعوس,name,male
لعيد,name,male
لعيه,name,female
لغا,name,male
لغاء,name,female
لغبي,name,male
لغثه,name,female
لغديري,name,male
لغرابي,name,male
لغراسي,name,male
لغرافي,name,male
لغراوي,name,male
لغزاني,name,male
لغلوغ,name,male
لغمار,name,male
لغمارتي,name,male
لغمس,name,male
لغمه,name,female
لغميس,name,male
لغميصي,name,male
لغني,name,male
لغه,name,female
لغيب,name,male
لغيه,name,female
لفتيني,name,male
لفتيه,name,female
لفجل,name,male
لفر,name,male
لفراني,name,male
لفقيه,name,male
لفلف,name,male
لفلوس,name,male
لفوح,name,male
لفيف,name,male
لفيق,name,male
لقاء,name,female
لقاط,name,male
لقاطي,name,male
لقاني,name,male
لقاه,name,female
لقايسي,name,male
لقبي,name,male
لقراد,name,male
لقرافي,name,male
لقرضي,name,male
لقري,name,male
لقسيم,name,male
لقطه,name,female
لقمان,name,male
لقوي,name,male
لقيت,name,male
لقيحه,name,female
لقيد,name,male
لقيمه,name,female
لكاس,name,male
لكاني,name,male
لكماري,name,male
لكميم,name,male
لكميه,name,female
لكورا,name,male
لكوه,name,female
لكيالي,name,male
لكياني,name,male
للامه,name,female
للعامري,name,male
للمي,name,female
لله,name,male
للو,name,male
للوسواسي,name,male
للي,name,female
لليلي,name,female
لماسي,name,male
لماضه,name,female
لماعي,name,male
لمام,name,male
لمان,name,male
لمبارك,name,male
لمبه,name,female
لمحندي,name,male
لمحيصي,name,male
لمخشي,name,male
لمدردر,name,male
لمدرسي,name,male
لمدغري,name,male
لمدي,name,male
لمز,name,male
لمسعودي,name,male
لمسي,name,male
لمسيدي,name,male
لمسيه,name,female
لمش,name,male
لمشاشطي,name,male
لمشرق,name,male
لمشطر,name,male
لمع,name,male
لمعات,name,male
لمعان,name,male
لمعاني,name,male
لمعاوي,name,male
لمعه,name,female
لمعي,name,male
لمعيد,name,male
لمعيه,name,female
لمغالي,name,male
لمغرتي,name,male
لمغيفي,name,male
لمقصود,name,male
لملوم,name,male
لمنصف,name,male
لمهدي,name,male
لمهيدي,name,male
لمواق,name,male
لموجود,name,male
لمودن,name,male
لمودني,name,male
لموده,name,female
لموزه,name,female
لموش,name,male
لموم,name,male
لمي,name,male
لمياء,name,female
لميائي,name,male
لميحه,name,female
لميس,name,female
لميعه,name,female
لميق,name,male
لميك,name,male
لميلم,name,male
لميمه,name,female
لمين,name,male
لناصر,name,male
لنبيه,name,male
لنتري,name,male
لنجاشه,name,female
لنجو,name,male
لنداري,name,male
لنده,name,female
لنه,name,female
لنور,name,male
لني,name,female
لنيا,name,male
لنيسه,name,female
لها,name,male
لهاش,name,male
لهالي,name,male
لهام,name,male
لهبي,name,male
لهج,name,male
لهجه,name,female
لهدان,name,male
لهمن,name,male
لهمي,name,male
لهنه,name,female
لهنيد,name,male
لهواري,name,male
لهواق,name,male
لهور,name,male
لهويلم,name,male
لهيب,name,male
لهيبه,name,female
لهيدان,name,male
لهيطه,name,female
لهيمي,name,male
لوا,name,male
لواء,name,female
لواحظ,name,male
لوالي,name,male
لوبه,name,female
لوتا,name,male
لوحاح,name,male
لوحشيه,name,female
لود,name,male
لودا,name,male
لوديس,name,male
لوديم,name,male
لوديني,name,male
لوذي,name,male
لورا,name,female
لوران,name,male
لورنت,name,male
لورنس,name,male
لورني,name,male
لوريانا,name,male
لوريس,name,male
لوريسه,name,female
لوريل,name,male
لوريني,name,male
لوزاني,name,male
لوزني,name,male
لوزه,name,female
لوزي,name,male
لوزين,name,male
لوزيه,name,female
لوسام,name,male
لوسان,name,male
لوست,name,male
لوسم,name,male
لوسن,name,male
لوسه,name,female
لوسي,name,male
لوسيني,name,male
لوسيه,name,female
لوطاتي,name,male
لوظ,name,male
لوعا,name,male
لوعه,name,female
لوغا,name,male
لوفي,name,male
لوق,name,male
لوقا,name,male
لوقايس,name,male
لوقيه,name,female
لوكاس,name,male
لوكام,name,male
لوكظ,name,male
لوكه,name,male
لولا,name,male
لولو,name,female
لولوه,name,female
لولوي,name,male
لوليت,name,male
لوليد,name,male
لومان,name,male
لوموي,name,male
لومي,name,male
لوميه,name,female
لونا,name,male
لونت,name,male
لوندي,name,male
لونه,name,female
لونيا,name,male
لونيسي,name,male
لوه,name,male
لوهابي,name,male
لوهبي,name,male
لوهد,name,male
لوهه,name,female
لوهي,name,male
لوهيب,name,male
لوهيبه,name,female
لوي,name,male
لويا,name,male
لويان,name,male
لويبد,name,male
لويح,name,male
لويحه,name,female
لويدي,name,male
لويز,name,male
لويزا,name,male
لويزم,name,male
لويس,name,male
لويفيه,name,female
لويك,name,male
لويه,name,female
ليا,name,male
لياء,name,female
ليات,name,male
لياسه,name,female
لياقت,name,male
لياقوت,name,male
ليال,name,female
ليان,name,female
ليانا,name,male
ليانه,name,female
لياه,name,male
ليبيا,name,male
ليت,name,male
ليتا,name,male
ليث,name,male
ليثا,name,male
ليثام,name,male
ليثه,name,female
ليثي,name,male
ليحه,name,female
ليدن,name,male
ليديا,name,male
ليديه,name,male
ليزا,name,male
ليزبت,name,male
ليزي,name,male
ليزيت,name,male
ليسار,name,male
ليطف,name,male
ليف,name,male
ليفه,name,female
ليفي,name,male
ليق,name,male
ليقانيه,name,female
ليل,name,male
ليلا,name,male
ليلات,name,male
ليلان,name,male
ليلاني,name,male
ليله,name,female
ليلو,name,male
ليلوه,name,female
ليلي,name,female
ليليا,name,male
ليليان,name,male
ليليانه,name,female
ليليه,name,female
ليمان,name,male
ليمني,name,male
ليمون,name,male
ليمونه,name,female
ليموني,name,male
ليميا,name,male
ليمياء,name,female
ليميائي,name,male
لينا,name,female
ليناتي,name,male
لينال,name,male
ليند,name,male
لينن,name,male
ليننا,name,male
لينه,name,female
لينيه,name,female
ليوز,name,male
ليوط,name,male
ليون,name,male
ليونارد,name,male
ليونتين,name,male
ليوني,name,male
ليوي,name,male
ليي,name,male
لييا,name,male
لييل,name,male
