هاء,name,female
هائل,name,male
هائله,name,female
هائنه,name,female
هابا,name,male
هابش,name,male
هابشه,name,female
هابه,name,female
هابي,name,male
هابيب,name,male
هابيد,name,male
هابيل,name,male
هاتري,name,male
هاتف,name,male
هاتفه,name,female
هاتفي,name,male
هاتور,name,male
هاتون,name,male
هاتي,name,male
هاثم,name,male
هاثو,name,male
هاجد,name,male
هاجر,name,female
هاجره,name,female
هاجرو,name,male
هاجني,name,male
هاجوج,name,male
هادئ,name,male
هادئه,name,female
هادجين,name,male
هادري,name,male
هادزيه,name,female
هادف,name,male
هادل,name,male
هادن,name,male
هادنه,name,female
هادهد,name,male
هادون,name,male
هادوين,name,male
هادي,name,male
هاديء,name,male
هاديان,name,male
هاديه,name,female
هارا,name,male
هارت,name,male
هارس,name,male
هارمون,name,male
هاروتيون,name,male
هاروف,name,male
هارومين,name,male
هارون,name,male
هاروي,name,male
هاري,name,male
هاريتو,name,male
هاريتون,name,male
هاريس,name,male
هاريمان,name,male
هازار,name,male
هازل,name,male
هازمي,name,male
هازول,name,male
هاسل,name,male
هاسه,name,male
هاسوا,name,male
هاسيد,name,male
هاشام,name,male
هاشد,name,male
هاشك,name,male
هاشل,name,male
هاشله,name,female
هاشم,name,male
هاشمه,name,female
هاشمي,name,male
هاشميان,name,male
هاشميه,name,female
هاشور,name,male
هاشوش,name,male
هاشيم,name,male
هاشيه,name,female
هاصر,name,male
هاظل,name,male
هاعبد,name,male
هاعدل,name,male
هاعشري,name,male
هافيه,name,female
هاقي,name,male
هاكين,name,male
هال,name,male
هالا,name,male
هالده,name,female
هالدون,name,male
هالع,name,male
هالعزت,name,male
هالل,name,male
هالم,name,male
هالمان,name,male
هالن,name,male
هاله,name,female
هالوك,name,male
هالوكه,name,female
هالي,name,male
هاليه,name,male
هام,name,male
هامان,name,male
هامتولي,name,male
هامد,name,male
هامري,name,male
هامل,name,male
هاملي,name,male
هامه,name,female
هامهوم,name,male
هامودي,name,male
هامور,name,male
هامي,name,male
هاميا,name,male
هاميون,name,male
هانئ,name,male
هانئه,name,female
هانئي,name,male
هاند,name,male
هاندا,name,male
هاندان,name,male
هانر,name,male
هانري,name,male
هانرييت,name,male
هانزه,name,female
هانزي,name,male
هانم,name,male
هاني,name,male
هانيا,name,male
هانيم,name,male
هانيه,name,female
هاه,name,male
هاواري,name,male
هاواي,name,male
هاوس,name,male
هاول,name,male
هاوه,name,female
هاويه,name,female
هايتي,name,male
هايثم,name,male
هايده,name,male
هايدي,name,male
هايز,name,male
هايس,name,male
هايع,name,male
هايف,name,male
هايله,name,female
هايمان,name,male
هبا,name,male
هباء,name,female
هبائلي,name,male
هباب,name,male
هباج,name,male
هبادي,name,male
هبازي,name,male
هباش,name,male
هباط,name,male
هبال,name,male
هباله,name,female
هباهب,name,male
هبت,name,male
هبده,name,female
هبدي,name,male
هبذاء,name,female
هبراجي,name,male
هبران,name,male
هبرسي,name,male
هبروت,name,male
هبسي,name,male
هبصي,name,male
هبكان,name,male
هبلي,name,male
هبه,name,female
هبوب,name,male
هبوبان,name,male
هبوز,name,male
هبولي,name,male
هبون,name,male
هبوه,name,female
هبيان,name,male
هبيب,name,male
هبيش,name,male
هبيص,name,male
هبيكان,name,male
هبين,name,male
هبيه,name,female
هتاء,name,female
هتاشي,name,male
هتران,name,male
هتشان,name,male
هتشي,name,male
هتل,name,male
هتهت,name,male
هتيفه,name,female
هتيمان,name,male
هثم,name,male
هثمان,name,male
هجا,name,male
هجاعه,name,female
هجام,name,male
هجان,name,male
هجاه,name,female
هجدي,name,male
هجرس,name,male
هجرسي,name,male
هجره,name,female
هجريه,name,female
هجلاء,name,female
هجلان,name,male
هجوجه,name,male
هجول,name,male
هجوه,name,female
هجي,name,male
هجيان,name,male
هجيجه,name,female
هجيره,name,female
هجيري,name,male
هجين,name,male
هجيني,name,male
هجيه,name,female
هدا,name,male
هدائي,name,male
هداب,name,male
هداج,name,male
هداجي,name,male
هداد,name,male
هداده,name,female
هدار,name,male
هدارن,name,male
هداري,name,male
هدال,name,male
هداني,name,male
هداهد,name,male
هداو,name,male
هداوه,name,female
هداوي,name,male
هدايا,name,male
هدايات,name,male
هدايان,name,male
هدايت,name,male
هدايه,name,female
هدباء,name,female
هدبات,name,male
هدبي,name,male
هدجه,name,female
هدد,name,male
هدده,name,female
هدر,name,male
هدرا,name,male
هدران,name,male
هدروي,name,male
هدفه,name,female
هدلي,name,male
هدمان,name,male
هدميان,name,male
هدن,name,male
هدنه,name,female
هدهد,name,male
هدهيد,name,male
هدو,name,male
هدوء,name,male
هدوب,name,male
هدوز,name,male
هدولي,name,male
هدومي,name,male
هدي,name,female
هديان,name,male
هدياه,name,male
هديب,name,male
هديبا,name,male
هديبان,name,male
هديج,name,male
هديجان,name,male
هديدا,name,male
هدير,name,male
هديره,name,female
هديسه,name,female
هديل,name,male
هديم,name,male
هديه,name,female
هديها,name,male
هديهد,name,male
هديهه,name,female
هذاذ,name,male
هذار,name,male
هذال,name,male
هذايا,name,male
هذبه,name,female
هذبيان,name,male
هذرمه,name,female
هذلي,name,male
هذيان,name,male
هذيلي,name,male
هذيم,name,male
هراب,name,male
هراجي,name,male
هراري,name,male
هرازي,name,male
هراس,name,male
هراش,name,male
هراشد,name,male
هراشي,name,male
هراك,name,male
هرام,name,male
هراوي,name,male
هربان,name,male
هرباني,name,male
هرباوي,name,male
هربدت,name,male
هربي,name,male
هرتي,name,male
هرج,name,male
هرده,name,female
هرساني,name,male
هرسي,name,male
هرشيا,name,male
هرفه,name,female
هرما,name,male
هرماز,name,male
هرماسي,name,male
هرمز,name,male
هرمزلي,name,male
هرمس,name,male
هرمله,name,female
هرمنا,name,male
هرمنيا,name,male
هرمو,name,male
هرموز,name,male
هرمول,name,male
هرمينا,name,male
هرمينه,name,female
هرمينيه,name,female
هرنافي,name,male
هرنوفي,name,male
هرهر,name,male
هرهره,name,female
هروال,name,male
هروت,name,male
هرود,name,male
هروسي,name,male
هروش,name,male
هروشي,name,male
هروق,name,male
هروم,name,male
هرون,name,male
هروي,name,male
هريج,name,male
هريجان,name,male
هريده,name,female
هريدي,name,male
هريرس,name,male
هريز,name,male
هريس,name,male
هريش,name,male
هريشان,name,male
هريشل,name,male
هريط,name,male
هريف,name,male
هريق,name,male
هريلي,name,male
هريم,name,male
هريمين,name,male
هرينا,name,male
هريون,name,male
هزاج,name,male
هزاجي,name,male
هزار,name,male
هزاروي,name,male
هزازي,name,male
هزاع,name,male
هزال,name,male
هزام,name,male
هزاه,name,female
هزاي,name,male
هزايمه,name,female
هزران,name,male
هزعه,name,female
هزقيال,name,male
هزل,name,male
هزم,name,male
هزمه,name,female
هزوزي,name,male
هزول,name,male
هزيد,name,male
هزير,name,male
هزيم,name,male
هزينا,name,male
هزيني,name,male
هزيه,name,female
هسامه,name,female
هسلام,name,male
هسليم,name,male
هسماء,name,female
هسماعيل,name,male
هسيري,name,male
هسين,name,male
هشاش,name,male
هشاشه,name,female
هشام,name,male
هشري,name,male
هشما,name,male
هشماوي,name,male
هشمت,name,male
هشمه,name,female
هشه,name,female
هشوشه,name,female
هشوم,name,male
هشومه,name,female
هشي,name,male
هشيار,name,male
هشير,name,male
هشيشه,name,female
هشيله,name,female
هشيول,name,male
هصور,name,male
هضبانه,name,female
هضيبي,name,male
هضيمه,name,female
هطاب,name,male
هطال,name,male
هطالي,name,male
هطاي,name,male
هطب,name,male
هطون,name,male
هطيوي,name,male
هعباس,name,male
هعبده,name,female
هغه,name,female
هفا,name,male
هفاء,name,female
هفار,name,male
هفاف,name,male
هفوف,name,male
هفيفه,name,female
هقاش,name,male
هقاص,name,male
هقيل,name,male
هكرام,name,male
هكرم,name,male
هكوري,name,male
هكول,name,male
هلا,name,male
هلادي,name,male
هلال,name,male
هلالل,name,male
هلاله,name,female
هلالي,name,male
هلان,name,male
هلانه,name,female
هلاهل,name,male
هلايل,name,male
هلب,name,male
هلسه,name,female
هلسي,name,male
هلع,name,male
هلقاني,name,male
هلك,name,male
هلكوت,name,male
هلله,name,female
هللو,name,male
هلمي,name,male
هله,name,female
هلوت,name,male
هلوده,name,female
هلول,name,male
هلولي,name,male
هليباوي,name,male
هليسي,name,male
هليك,name,male
هليل,name,male
هليله,name,female
هليلين,name,male
همات,name,male
همادي,name,male
هماسيه,name,female
هماشيه,name,female
همالي,name,male
همام,name,male
همامي,name,male
همايت,name,male
همت,name,male
همتان,name,male
همجان,name,male
همجي,name,male
همحود,name,male
همد,name,male
همدي,name,male
همر,name,male
همران,name,male
همرو,name,male
همروش,name,male
همسات,name,male
همسان,name,male
همسه,name,female
همشان,name,male
همص,name,male
همصي,name,male
هملال,name,male
هملان,name,male
هملاني,name,male
همله,name,female
همهم,name,male
همودي,name,male
همومي,name,male
هميدي,name,male
هميراني,name,male
هميري,name,male
هميزه,name,female
هميله,name,female
هميم,name,male
هميه,name,female
هنا,name,female
هناء,name,female
هنات,name,male
هناجح,name,male
هناجر,name,male
هنادا,name,male
هنادلي,name,male
هناده,name,female
هنادي,name,male
هنافي,name,male
هنامه,name,female
هنان,name,male
هناندا,name,male
هناهد,name,male
هناويه,name,female
هناي,name,male
هنايا,name,male
هناينيه,name,female
هنايه,name,female
هنبان,name,male
هنبله,name,female
هنبيق,name,male
هنبيل,name,male
هنت,name,male
هنجاني,name,male
هند,name,female
هندا,name,male
هنداء,name,female
هندازه,name,female
هنداسيه,name,female
هندام,name,male
هندان,name,male
هنداو,name,male
هنداوي,name,male
هندب,name,male
هندبا,name,male
هندلي,name,male
هنده,name,female
هندو,name,male
هندواوي,name,male
هندواي,name,male
هندون,name,male
هندي,name,male
هنديا,name,male
هنديس,name,male
هنديه,name,female
هنر,name,male
هنرست,name,male
هنرو,name,male
هنري,name,male
هنريت,name,male
هنزي,name,male
هنس,name,male
هنو,name,male
هنوان,name,male
هنوبه,name,female
هنودي,name,male
هنومي,name,male
هنونه,name,female
هني,name,male
هنيان,name,male
هنيب,name,male
هنيدا,name,male
هنيده,name,female
هنيدو,name,male
هنيدي,name,male
هنير,name,male
هنيره,name,female
هنيع,name,male
هنيف,name,male
هنيه,name,female
ههاشم,name,male
هواء,name,female
هوابشه,name,female
هوارد,name,male
هواري,name,male
هواش,name,male
هواشي,name,male
هواشين,name,male
هواعي,name,male
هواف,name,male
هوانب,name,male
هواني,name,male
هوايات,name,male
هوايت,name,male
هوايدا,name,male
هوايدي,name,male
هوب,name,male
هوبائي,name,male
هوباني,name,male
هوبر,name,male
هوبير,name,male
هوجان,name,male
هوجه,name,female
هود,name,male
هوداني,name,male
هودي,name,male
هوديي,name,male
هور,name,male
هوره,name,female
هوروس,name,male
هوريت,name,male
هوريس,name,male
هوريف,name,male
هوزه,name,male
هوساني,name,male
هوساوي,name,male
هوسه,name,female
هوسين,name,male
هوش,name,male
هوشامي,name,male
هوفا,name,male
هوكي,name,male
هول,name,male
هولب,name,male
هولت,name,male
هومانه,name,female
هوماني,name,male
هوميه,name,female
هوني,name,male
هويا,name,male
هويبدي,name,male
هويبر,name,male
هويد,name,male
هويدا,name,male
هويداه,name,male
هويدن,name,male
هويدني,name,male
هويده,name,female
هويدي,name,male
هوير,name,male
هويرد,name,male
هويرق,name,male
هويز,name,male
هويزي,name,male
هويس,name,male
هويساوي,name,male
هويسه,name,female
هويسي,name,male
هويسين,name,male
هويشله,name,female
هويشم,name,male
هويشه,name,female
هويعي,name,male
هويكه,name,female
هويله,name,female
هويمات,name,male
هويمان,name,male
هويمل,name,male
هوينا,name,male
هويه,name,female
هيئم,name,male
هيا,name,female
هياء,name,female
هياب,name,male
هيات,name,male
هياتم,name,male
هياثم,name,male
هياد,name,male
هيادي,name,male
هيار,name,male
هياز,name,male
هياس,name,male
هياسي,name,male
هياشا,name,male
هياشي,name,male
هياكل,name,male
هيال,name,male
هيام,name,female
هيب,name,male
هيبا,name,male
هيباء,name,female
هيباني,name,male
هيبه,name,female
هيبو,name,male
هيبوه,name,male
هيتات,name,male
هيتان,name,male
هيتانه,name,female
هيتو,name,male
هيتي,name,male
هيث,name,male
هيثم,name,male
هيثه,name,female
هيجا,name,male
هيجاء,name,female
هيجاني,name,male
هيجي,name,male
هيدا,name,male
هيدر,name,male
هيدل,name,male
هيدلي,name,male
هيدم,name,male
هيدمي,name,male
هيده,name,female
هيديه,name,female
هير,name,male
هيرجي,name,male
هيرمان,name,male
هيرمينا,name,male
هيره,name,male
هيرو,name,male
هيري,name,male
هيشان,name,male
هيشري,name,male
هيشل,name,male
هيشم,name,male
هيشه,name,female
هيشي,name,male
هيصم,name,male
هيصماوي,name,male
هيصي,name,male
هيضل,name,male
هيطلان,name,male
هيف,name,male
هيفا,name,male
هيفاء,name,female
هيفف,name,male
هيفه,name,female
هيق,name,male
هيقاء,name,female
هيقل,name,male
هيكر,name,male
هيكل,name,male
هيل,name,male
هيلا,name,male
هيلان,name,female
هيلانا,name,male
هيلانه,name,male
هيلده,name,female
هيللن,name,male
هيلن,name,male
هيلني,name,male
هيله,name,male
هيلون,name,male
هيلي,name,male
هيليا,name,male
هيليدا,name,male
هيلينا,name,male
هيلينه,name,male
هيما,name,male
هيمق,name,male
هيمن,name,male
هيمني,name,male
هيمه,name,female
هيمي,name,male
هين,name,male
هيناز,name,male
هينه,name,female
هينو,name,male
هينودي,name,male
هيني,name,male
هيوان,name,male
هيومه,name,female
هييه,name,male
هائمة,name,female
هتاف,name,female
هدلاء,name,female
همة,name,female
هناد,name,female
هوادة,name,female
هي وميا ومية ومية,name,female
هيانة,name,female
هيوبة,name,female
هاتك,name,male
هايل,name,male
هائم,name,male
هنمان,name,male
هنيء,name,male
هَوْشَر,name,male
هولو,name,male
هيوب,name,male
هبة,name,male
هدايا,name,female
هديل,name,female
هقاف,name,male
هقاف,name,female
