وئام,name,male
وائده,name,female
وائق,name,male
وائل,name,male
وائله,name,female
وابر,name,male
وابري,name,male
وابكي,name,male
وابلي,name,male
وابه,name,female
وابور,name,male
وابير,name,male
واتبه,name,female
واتف,name,male
واتي,name,male
واتيه,name,female
واثبه,name,female
واثق,name,male
واثقه,name,female
واثقي,name,male
واجبات,name,male
واجبه,name,female
واجد,name,male
واجر,name,male
واحد,name,male
واحدات,name,male
واحدان,name,male
واحدانا,name,male
واحدي,name,male
واحش,name,male
واحل,name,male
واحه,name,female
واحيد,name,male
واخد,name,male
واخط,name,male
واخي,name,male
واد,name,male
واداد,name,male
وادخان,name,male
وادود,name,male
وادي,name,male
واديل,name,male
وادين,name,male
واديه,name,female
وارب,name,male
واربي,name,male
وارثان,name,male
وارثي,name,male
وارد,name,male
وارده,name,female
وارسو,name,male
وارش,name,male
وارف,name,male
وارق,name,male
واره,name,male
واري,name,male
واريد,name,male
وارين,name,male
وارينه,name,male
وازاني,name,male
وازر,name,male
وازن,name,male
واسا,name,male
واسطيي,name,male
واسف,name,male
واسلين,name,male
واسيد,name,male
واسيلي,name,male
واشل,name,male
واشيلي,name,male
واصال,name,male
واصف,name,male
واصل,name,male
واصلي,name,male
واصه,name,female
واصيه,name,female
واضحا,name,male
واضحه,name,female
واضف,name,male
واضور,name,male
واضي,name,male
واطفاء,name,female
واطون,name,male
واع,name,male
واعد,name,male
واعر,name,male
واعرا,name,male
واعز,name,male
واعزين,name,male
واعض,name,male
واغي,name,male
واف,name,male
وافا,name,male
وافتي,name,male
وافدي,name,male
وافني,name,male
وافي,name,male
وافيه,name,female
واقد,name,male
واكب,name,male
واكريم,name,male
واكنين,name,male
وال,name,male
والاني,name,male
والده,name,female
والكثم,name,male
واللي,name,male
واله,name,male
والي,name,male
واليه,name,female
وان,name,male
وانده,name,female
وانس,name,male
وانسه,name,female
واهب,name,male
واهبه,name,female
واهدي,name,male
واهر,name,male
واهش,name,male
واهيه,name,female
وايد,name,male
وايده,name,female
وايل,name,male
وايلي,name,male
وبال,name,male
وبد,name,male
وبريه,name,female
وبستر,name,male
وبش,name,male
وبصا,name,male
وبصه,name,female
وبلان,name,male
وبهه,name,female
وبيره,name,female
وتايل,name,male
وتر,name,male
وتران,name,male
وتوت,name,male
وتي,name,female
وتيان,name,male
وتيت,name,male
وتيلان,name,male
وثاب,name,male
وثر,name,male
وثلان,name,male
وثله,name,female
وثمان,name,male
وثنه,name,female
وثوق,name,male
وثيب,name,male
وثير,name,male
وثيلان,name,male
وثيمه,name,female
وثينه,name,female
وثيه,name,female
وجاء,name,female
وجاهت,name,male
وجاهه,name,female
وجاي,name,male
وجب,name,male
وجبا,name,male
وجبي,name,male
وججو,name,male
وجدان,name,male
وجدي,name,male
وجدين,name,male
وجران,name,male
وجره,name,female
وجريه,name,female
وجزين,name,male
وجنات,name,male
وجنه,name,female
وجهه,name,female
وجهيه,name,female
وجوه,name,male
وجيد,name,male
وجيدا,name,male
وجيده,name,female
وجير,name,male
وجيزه,name,female
وجيعه,name,female
وجيل,name,male
وجيم,name,male
وجيه,name,male
وجيهان,name,male
وجيهه,name,female
وجيهيه,name,female
وحاد,name,male
وحاسن,name,male
وحان,name,male
وحد,name,male
وحدان,name,male
وحداني,name,male
وحدني,name,male
وحده,name,female
وحدي,name,male
وحديه,name,female
وحش,name,male
وحشيه,name,female
وحلان,name,male
وحنو,name,male
وحود,name,male
وحوده,name,female
وحي,name,male
وحيته,name,female
وحيد,name,male
وحيده,name,female
وحيدي,name,male
وحيديان,name,male
وحيدين,name,male
وحيران,name,male
وحيش,name,male
وحيم,name,male
وخمان,name,male
ودا,name,male
وداد,name,male
ودادون,name,male
ودادي,name,male
ودار,name,male
وداس,name,male
وداع,name,male
وداعه,name,female
ودال,name,male
وداني,name,male
وداي,name,male
ودحه,name,female
ودحو,name,male
ودد,name,male
ودش,name,male
ودشان,name,male
ودق,name,male
ودللي,name,male
ودلين,name,male
وده,name,female
ودهان,name,male
ودو,name,male
ودود,name,male
ودودي,name,male
ودي,name,male
ودياني,name,male
وديد,name,male
وديده,name,female
وديدي,name,male
وديره,name,female
وديع,name,male
وديعه,name,female
وديقه,name,female
وديكا,name,male
وديمه,name,female
ودينات,name,male
ودينه,name,female
وديي,name,male
وذلي,name,male
ورءثاء,name,female
وراثه,name,male
وراثي,name,male
ورار,name,male
وراق,name,male
وراقي,name,male
ورايا,name,male
وربات,name,male
وربه,name,female
ورتان,name,male
ورتاني,name,male
ورته,name,female
ورتي,name,male
ورثه,name,female
ورثي,name,male
ورخان,name,male
ورد,name,female
وردا,name,male
وردات,name,male
ورداد,name,male
ورداني,name,male
وردني,name,male
ورده,name,male
وردي,name,male
ورديان,name,male
وردين,name,male
ورديه,name,female
ورسا,name,male
ورسيه,name,female
ورش,name,male
ورشان,name,male
ورشد,name,male
ورضا,name,male
ورعان,name,male
ورعاني,name,male
ورعني,name,male
ورق,name,male
ورقاء,name,female
وركي,name,male
ورم,name,male
ورمي,name,male
ورواحه,name,female
وروري,name,male
وريات,name,male
وريان,name,male
وريب,name,male
وريت,name,male
وريد,name,male
وريده,name,female
وريدي,name,male
وريز,name,male
وريس,name,male
وريش,name,male
وريف,name,female
وريفه,name,female
وريك,name,male
وريكات,name,male
وريكي,name,male
وريم,name,male
وزار,name,male
وزاري,name,male
وزازي,name,male
وزاع,name,male
وزان,name,male
وزانه,name,female
وزرا,name,male
وزري,name,male
وزن,name,male
وزنان,name,male
وزنه,name,female
وزه,name,female
وزي,name,female
وزيت,name,male
وزير,name,male
وزيران,name,male
وزيره,name,female
وزيريه,name,female
وزيز,name,male
وزيزه,name,female
وزيفه,name,female
وزيقه,name,female
وزينه,name,female
وزيه,name,female
وزيي,name,male
وسابا,name,male
وساد,name,male
وسام,name,male
وساما,name,male
وسامه,name,female
وسان,name,male
وسعي,name,male
وسلاتي,name,male
وسليه,name,female
وسماء,name,female
وسمه,name,female
وسمي,name,male
وسميه,name,female
وسن,name,male
وسناء,name,female
وسني,name,female
وسواس,name,male
وسون,name,male
وسيعه,name,female
وسيله,name,female
وسيلي,name,male
وسيليه,name,female
وسيم,name,male
وسيمه,name,female
وسيمي,name,male
وسيني,name,male
وشا,name,male
وشاح,name,male
وشاحي,name,male
وشاع,name,male
وشان,name,male
وشانا,name,male
وشاي,name,male
وشح,name,male
وشحه,name,female
وشله,name,female
وشم,name,male
وشمه,name,female
وشمي,name,male
وشوش,name,male
وشويش,name,male
وشيج,name,male
وشيح,name,male
وشيخ,name,male
وشيره,name,female
وشيلي,name,male
وشيمه,name,female
وشيه,name,female
وصاف,name,male
وصال,name,male
وصايا,name,male
وصايف,name,male
وصايه,name,female
وصب,name,male
وصفاء,name,female
وصفات,name,male
وصفان,name,male
وصفتي,name,male
وصفه,name,female
وصفي,name,male
وصفيه,name,female
وصل,name,male
وصي,name,male
وصيصي,name,male
وصيف,name,male
وصيفه,name,female
وصيفي,name,male
وصيفيه,name,female
وصيل,name,male
وصيه,name,female
وضا,name,male
وضاء,name,female
وضاح,name,male
وضاحي,name,male
وضح,name,male
وضحا,name,male
وضحاء,name,female
وضحه,name,female
وضحي,name,male
وضوح,name,male
وضي,name,male
وضيان,name,male
وضيحه,name,female
وضيع,name,male
وضيف,name,male
وطاس,name,male
وطاسي,name,male
وطاف,name,male
وطفا,name,male
وطفاء,name,female
وطفه,name,female
وطنه,name,female
وطني,name,male
وطنيه,name,female
وطي,name,male
وطيف,name,male
وطيفه,name,female
وظفه,name,female
وعابي,name,male
وعاله,name,female
وعد,name,female
وعديه,name,female
وعض,name,male
وعلا,name,male
وعلو,name,male
وعلي,name,male
وعي,name,male
وعيه,name,female
وغاء,name,female
وغان,name,male
وغر,name,male
وغن,name,male
وغني,name,male
وغيدي,name,male
وغير,name,male
وغيلان,name,male
وغين,name,male
وفا,name,male
وفاء,name,female
وفائي,name,male
وفائيه,name,female
وفاتي,name,male
وفار,name,male
وفاظ,name,male
وفاعي,name,male
وفاق,name,male
وفالا,name,male
وفايه,name,female
وفدوي,name,male
وفدي,name,male
وفديه,name,female
وفزي,name,male
وفعت,name,male
وفقا,name,male
وفقه,name,female
وفقي,name,male
وفقيه,name,female
وفله,name,female
وفنا,name,male
وفون,name,male
وفي,name,male
وفيد,name,male
وفيده,name,female
وفير,name,male
وفيض,name,male
وفيق,name,male
وفيقه,name,female
وفيه,name,female
وقا,name,male
وقاء,name,female
وقائيه,name,female
وقاد,name,male
وقاص,name,male
وقاطيه,name,female
وقاعه,name,female
وقتيان,name,male
وقداني,name,male
وقع,name,male
وقفه,name,female
وقور,name,male
وقيتات,name,male
وقيص,name,male
وقيصي,name,male
وقيع,name,male
وقيله,name,female
وكاب,name,male
وكاتا,name,male
وكاد,name,male
وكادي,name,male
وكار,name,male
وكاس,name,male
وكال,name,male
وكاله,name,female
وكده,name,female
وكري,name,male
وكورين,name,male
وكيل,name,male
وكيلي,name,male
ولؤلؤه,name,female
ولاء,name,female
ولاج,name,male
ولاده,name,female
ولادي,name,male
ولاس,name,male
ولامه,name,female
ولايات,name,male
ولايه,name,female
ولج,name,male
ولجان,name,male
ولد,name,male
ولداد,name,male
ولدان,name,male
ولسون,name,male
ولسي,name,male
ولشه,name,female
ولعان,name,male
ولعه,name,female
ولعو,name,male
ولمي,name,male
وله,name,male
ولها,name,male
ولهاء,name,female
ولهام,name,male
ولهانا,name,male
ولهه,name,female
ولول,name,male
ولوه,name,male
ولي,name,male
وليام,name,male
وليت,name,male
وليد,name,male
وليده,name,female
وليدون,name,male
وليس,name,male
وليش,name,male
وليفه,name,female
وليم,name,male
وليمه,name,female
وليمي,name,male
وليه,name,female
ولييد,name,male
ومدي,name,male
ومذحج,name,male
ومز,name,male
ومسي,name,male
ومشان,name,male
ومشي,name,male
ومضان,name,male
ومضه,name,female
وميان,name,male
وميض,name,male
وميكي,name,male
وميه,name,female
ونا,name,male
وناس,name,male
ونان,name,male
وناني,name,male
ونجيت,name,male
وندره,name,female
ونس,name,male
ونستون,name,male
ونسه,name,female
ونسيي,name,male
ونو,name,male
وني,name,male
ونيس,name,male
ونيسه,name,female
ونيش,name,male
وهاء,name,female
وهاب,name,male
وهابي,name,male
وهاج,name,male
وهاده,name,male
وهادي,name,male
وهاس,name,male
وهب,name,male
وهبا,name,male
وهبان,name,male
وهباني,name,male
وهبه,name,female
وهبوه,name,male
وهبي,name,male
وهبيه,name,female
وهج,name,male
وهدان,name,male
وهراني,name,male
وهره,name,female
وهزه,name,female
وهف,name,male
وهلان,name,male
وهنه,name,female
وهه,name,female
وهوب,name,male
وهوبا,name,male
وهوس,name,male
وهيا,name,male
وهيب,name,male
وهيبه,name,female
وهيبي,name,male
وهيدا,name,male
وهيدي,name,male
وهير,name,male
وهيره,name,female
وهيش,name,male
وهيط,name,male
وهيف,name,male
وهيل,name,male
وهيله,name,female
وهيم,name,male
وهين,name,male
وهينه,name,female
وهيه,name,female
وياس,name,male
وياني,name,male
ويج,name,male
ويجاني,name,male
ويحان,name,male
ويحه,name,female
ويحي,name,male
ويردي,name,male
ويس,name,male
ويسل,name,male
ويسي,name,male
ويك,name,male
ويلسون,name,male
ويليام,name,male
ويليم,name,male
ويم,name,male
وادعة,name,female
واصلة,name,female
ورود,name,female
وشماء,name,female
وضاحة,name,female
وضيئة,name,female
ولهانة,name,female
وهاد,name,female
وادع,name,male
واعظ,name,male
وافد,name,male
وافر,name,male
وافق,name,male
واكد,name,male
وتاب,name,male
وضيء,name,male
وليف,name,male
